バルムンク,5,オーラ最大値,7.5,%
バルムンク,5,対魔獣攻撃力,30.0,%
ショートソード,1,対魔獣攻撃力,6.7,%
ショートソード,2,対魔獣攻撃力,10.0,%
ショートソード,3,対魔獣攻撃力,13.3,%
ショートソード,4,対魔獣攻撃力,16.7,%
ショートソード,5,対魔獣攻撃力,20.0,%
ラウンドバックラー,1,資源保護上限,13.3,%
ラウンドバックラー,1,兵士防御力,4.8,%
ラウンドバックラー,2,資源保護上限,20.0,%
ラウンドバックラー,2,兵士防御力,7.2,%
ラウンドバックラー,3,資源保護上限,26.7,%
ラウンドバックラー,3,兵士防御力,9.6,%
ラウンドバックラー,4,資源保護上限,33.3,%
ラウンドバックラー,4,兵士防御力,12.0,%
ラウンドバックラー,5,資源保護上限,40.0,%
ラウンドバックラー,5,兵士防御力,14.5,%
ウォーハンマー,1,兵士攻撃力,4.8,%
ウォーハンマー,1,運搬力,3.3,%
ウォーハンマー,2,兵士攻撃力,7.2,%
ウォーハンマー,2,運搬力,5.0,%
ウォーハンマー,3,兵士攻撃力,9.6,%
ウォーハンマー,3,運搬力,6.7,%
ウォーハンマー,4,兵士攻撃力,12.0,%
ウォーハンマー,4,運搬力,8.3,%
ウォーハンマー,5,兵士攻撃力,14.5,%
ウォーハンマー,5,運搬力,10.0,%
ロングソード,1,英雄移動速度,3.3,%
ロングソード,2,英雄移動速度,5.0,%
ロングソード,3,英雄移動速度,6.7,%
ロングソード,4,英雄移動速度,8.3,%
ロングソード,5,英雄移動速度,10.0,%
ロングソード,1,対魔獣攻撃力,9.7,%
ロングソード,2,対魔獣攻撃力,14.5,%
ロングソード,3,対魔獣攻撃力,19.3,%
ロングソード,4,対魔獣攻撃力,24.1,%
ロングソード,5,対魔獣攻撃力,28.9,%
ラウンドシールド,1,資源保護上限,24.0,%
ラウンドシールド,2,資源保護上限,36.0,%
ラウンドシールド,3,資源保護上限,48.0,%
ラウンドシールド,4,資源保護上限,60.0,%
ラウンドシールド,5,資源保護上限,72.0,%
ラウンドシールド,1,兵士防御力,4.8,%
ラウンドシールド,2,兵士防御力,7.2,%
ラウンドシールド,3,兵士防御力,9.6,%
ラウンドシールド,4,兵士防御力,12.0,%
ラウンドシールド,5,兵士防御力,14.5,%
エリートボウ,1,弓兵タイプ攻撃力,12.0,%
エリートボウ,2,弓兵タイプ攻撃力,18.0,%
エリートボウ,3,弓兵タイプ攻撃力,24.0,%
エリートボウ,4,弓兵タイプ攻撃力,30.0,%
エリートボウ,5,弓兵タイプ攻撃力,36.0,%
エリートボウ,1,行軍速度,1.6,%
エリートボウ,2,行軍速度,2.4,%
エリートボウ,3,行軍速度,3.2,%
エリートボウ,4,行軍速度,3.9,%
エリートボウ,5,行軍速度,4.7,%
エリートソード,1,騎兵タイプ攻撃力,12.0,%
エリートソード,2,騎兵タイプ攻撃力,18.0,%
エリートソード,3,騎兵タイプ攻撃力,24.0,%
エリートソード,4,騎兵タイプ攻撃力,30.0,%
エリートソード,5,騎兵タイプ攻撃力,36.0,%
エリートソード,1,行軍速度,1.6,%
エリートソード,2,行軍速度,2.4,%
エリートソード,3,行軍速度,3.2,%
エリートソード,4,行軍速度,3.9,%
エリートソード,5,行軍速度,4.7,%
エリートランス,1,槍兵タイプ攻撃力,12.0,%
エリートランス,2,槍兵タイプ攻撃力,18.0,%
エリートランス,3,槍兵タイプ攻撃力,24.0,%
エリートランス,4,槍兵タイプ攻撃力,30.0,%
エリートランス,5,槍兵タイプ攻撃力,36.0,%
エリートランス,1,行軍速度,1.6,%
エリートランス,2,行軍速度,2.4,%
エリートランス,3,行軍速度,3.2,%
エリートランス,4,行軍速度,3.9,%
エリートランス,5,行軍速度,4.7,%
ペレクス,1,オーラ最大値,15.0,%
ペレクス,2,オーラ最大値,22.5,%
ペレクス,3,オーラ最大値,29.9,%
ペレクス,4,オーラ最大値,37.4,%
ペレクス,5,オーラ最大値,44.9,%
ペレクス,1,対魔獣クリティカル率,1.9,%
ペレクス,2,対魔獣クリティカル率,2.9,%
ペレクス,3,対魔獣クリティカル率,3.9,%
ペレクス,4,対魔獣クリティカル率,4.8,%
ペレクス,5,対魔獣クリティカル率,5.8,%
ペレクス,1,対魔獣攻撃力,15.0,%
ペレクス,2,対魔獣攻撃力,22.5,%
ペレクス,3,対魔獣攻撃力,29.9,%
ペレクス,4,対魔獣攻撃力,37.4,%
ペレクス,5,対魔獣攻撃力,44.9,%
スフィーダ,1,弓兵タイプ攻撃力,12.0,%
スフィーダ,2,弓兵タイプ攻撃力,18.0,%
スフィーダ,3,弓兵タイプ攻撃力,24.0,%
スフィーダ,4,弓兵タイプ攻撃力,30.0,%
スフィーダ,5,弓兵タイプ攻撃力,36.0,%
スフィーダ,1,対魔獣攻撃力,10.7,%
スフィーダ,2,対魔獣攻撃力,16.0,%
スフィーダ,3,対魔獣攻撃力,21.3,%
スフィーダ,4,対魔獣攻撃力,26.7,%
スフィーダ,5,対魔獣攻撃力,32.0,%
スフィーダ,1,弓兵タイプ訓練速度,3.0,%
スフィーダ,2,弓兵タイプ訓練速度,4.5,%
スフィーダ,3,弓兵タイプ訓練速度,6.0,%
スフィーダ,4,弓兵タイプ訓練速度,7.5,%
スフィーダ,5,弓兵タイプ訓練速度,9.0,%
ダンデルガ,1,騎兵タイプ攻撃力,12.0,%
ダンデルガ,2,騎兵タイプ攻撃力,18.0,%
ダンデルガ,3,騎兵タイプ攻撃力,24.0,%
ダンデルガ,4,騎兵タイプ攻撃力,30.0,%
ダンデルガ,5,騎兵タイプ攻撃力,36.0,%
ダンデルガ,1,対魔獣攻撃力,10.7,%
ダンデルガ,2,対魔獣攻撃力,16.0,%
ダンデルガ,3,対魔獣攻撃力,21.3,%
ダンデルガ,4,対魔獣攻撃力,26.7,%
ダンデルガ,5,対魔獣攻撃力,32.0,%
ダンデルガ,1,騎兵タイプ訓練速度,3.0,%
ダンデルガ,2,騎兵タイプ訓練速度,4.5,%
ダンデルガ,3,騎兵タイプ訓練速度,6.0,%
ダンデルガ,4,騎兵タイプ訓練速度,7.5,%
ダンデルガ,5,騎兵タイプ訓練速度,9.0,%
レオムルグ,1,槍兵タイプ攻撃力,12.0,%
レオムルグ,2,槍兵タイプ攻撃力,18.0,%
レオムルグ,3,槍兵タイプ攻撃力,24.0,%
レオムルグ,4,槍兵タイプ攻撃力,30.0,%
レオムルグ,5,槍兵タイプ攻撃力,36.0,%
レオムルグ,1,対魔獣攻撃力,10.7,%
レオムルグ,2,対魔獣攻撃力,16.0,%
レオムルグ,3,対魔獣攻撃力,21.3,%
レオムルグ,4,対魔獣攻撃力,26.7,%
レオムルグ,5,対魔獣攻撃力,32.0,%
レオムルグ,1,槍兵タイプ訓練速度,3.0,%
レオムルグ,2,槍兵タイプ訓練速度,4.5,%
レオムルグ,3,槍兵タイプ訓練速度,6.0,%
レオムルグ,4,槍兵タイプ訓練速度,7.5,%
レオムルグ,5,槍兵タイプ訓練速度,9.0,%
ヘパイストスの盾,1,資源保護上限,24.0,%
ヘパイストスの盾,2,資源保護上限,36.0,%
ヘパイストスの盾,3,資源保護上限,48.0,%
ヘパイストスの盾,4,資源保護上限,60.0,%
ヘパイストスの盾,5,資源保護上限,72.0,%
ヘパイストスの盾,1,兵士防御力,7.5,%
ヘパイストスの盾,2,兵士防御力,11.2,%
ヘパイストスの盾,3,兵士防御力,15.0,%
ヘパイストスの盾,4,兵士防御力,18.7,%
ヘパイストスの盾,5,兵士防御力,22.5,%
断砕剣ブレイクスティール,1,英雄移動速度,7.5,%
断砕剣ブレイクスティール,2,英雄移動速度,11.2,%
断砕剣ブレイクスティール,3,英雄移動速度,15.0,%
断砕剣ブレイクスティール,4,英雄移動速度,18.7,%
断砕剣ブレイクスティール,5,英雄移動速度,22.5,%
断砕剣ブレイクスティール,1,対魔獣攻撃力,18.5,%
断砕剣ブレイクスティール,2,対魔獣攻撃力,27.8,%
断砕剣ブレイクスティール,3,対魔獣攻撃力,37.0,%
断砕剣ブレイクスティール,4,対魔獣攻撃力,46.3,%
断砕剣ブレイクスティール,5,対魔獣攻撃力,55.6,%
断砕剣ブレイクスティール,1,対無機物攻撃力,37.0,%
断砕剣ブレイクスティール,2,対無機物攻撃力,55.6,%
断砕剣ブレイクスティール,3,対無機物攻撃力,74.1,%
断砕剣ブレイクスティール,4,対無機物攻撃力,92.6,%
断砕剣ブレイクスティール,5,対無機物攻撃力,111.1,%
アゾットの鞭,1,研究速度,1.7,%
アゾットの鞭,2,研究速度,2.5,%
アゾットの鞭,3,研究速度,3.3,%
アゾットの鞭,4,研究速度,4.2,%
アゾットの鞭,5,研究速度,5.0,%
アゾットの鞭,1,石材生産,16.7,%
アゾットの鞭,2,石材生産,25.0,%
アゾットの鞭,3,石材生産,33.3,%
アゾットの鞭,4,石材生産,41.7,%
アゾットの鞭,5,石材生産,50.0,%
戦乙女の盾,1,兵士防御力,10.2,%
戦乙女の盾,2,兵士防御力,15.3,%
戦乙女の盾,3,兵士防御力,20.4,%
戦乙女の盾,4,兵士防御力,25.5,%
戦乙女の盾,5,兵士防御力,30.6,%
戦乙女の盾,1,魔石生産,15.0,%
戦乙女の盾,2,魔石生産,22.5,%
戦乙女の盾,3,魔石生産,29.9,%
戦乙女の盾,4,魔石生産,37.4,%
戦乙女の盾,5,魔石生産,44.9,%
ミスリルソード,1,英雄移動速度,7.5,%
ミスリルソード,2,英雄移動速度,11.2,%
ミスリルソード,3,英雄移動速度,15.0,%
ミスリルソード,4,英雄移動速度,18.7,%
ミスリルソード,5,英雄移動速度,22.5,%
ミスリルソード,1,対魔獣攻撃力,18.5,%
ミスリルソード,2,対魔獣攻撃力,27.8,%
ミスリルソード,3,対魔獣攻撃力,37.0,%
ミスリルソード,4,対魔獣攻撃力,46.3,%
ミスリルソード,5,対魔獣攻撃力,55.6,%
近衛弓兵の弓,1,弓兵タイプ攻撃力,18.5,%
近衛弓兵の弓,2,弓兵タイプ攻撃力,27.8,%
近衛弓兵の弓,3,弓兵タイプ攻撃力,37.0,%
近衛弓兵の弓,4,弓兵タイプ攻撃力,46.3,%
近衛弓兵の弓,5,弓兵タイプ攻撃力,55.6,%
近衛弓兵の弓,1,行軍速度,2.4,%
近衛弓兵の弓,2,行軍速度,3.6,%
近衛弓兵の弓,3,行軍速度,4.8,%
近衛弓兵の弓,4,行軍速度,6.0,%
近衛弓兵の弓,5,行軍速度,7.2,%
近衛騎兵の剣,1,騎兵タイプ攻撃力,18.5,%
近衛騎兵の剣,2,騎兵タイプ攻撃力,27.8,%
近衛騎兵の剣,3,騎兵タイプ攻撃力,37.0,%
近衛騎兵の剣,4,騎兵タイプ攻撃力,46.3,%
近衛騎兵の剣,5,騎兵タイプ攻撃力,55.6,%
近衛騎兵の剣,1,行軍速度,2.4,%
近衛騎兵の剣,2,行軍速度,3.6,%
近衛騎兵の剣,3,行軍速度,4.8,%
近衛騎兵の剣,4,行軍速度,6.0,%
近衛騎兵の剣,5,行軍速度,7.2,%
近衛槍兵の槍,1,槍兵タイプ攻撃力,18.5,%
近衛槍兵の槍,2,槍兵タイプ攻撃力,27.8,%
近衛槍兵の槍,3,槍兵タイプ攻撃力,37.0,%
近衛槍兵の槍,4,槍兵タイプ攻撃力,46.3,%
近衛槍兵の槍,5,槍兵タイプ攻撃力,55.6,%
近衛槍兵の槍,1,行軍速度,2.4,%
近衛槍兵の槍,2,行軍速度,3.6,%
近衛槍兵の槍,3,行軍速度,4.8,%
近衛槍兵の槍,4,行軍速度,6.0,%
近衛槍兵の槍,5,行軍速度,7.2,%
トワイライト・プリトウェン,1,兵士防御力,12.5,%
トワイライト・プリトウェン,2,兵士防御力,18.7,%
トワイライト・プリトウェン,3,兵士防御力,24.9,%
トワイライト・プリトウェン,4,兵士防御力,31.2,%
トワイライト・プリトウェン,5,兵士防御力,37.4,%
トワイライト・プリトウェン,1,食料生産,13.3,%
トワイライト・プリトウェン,2,食料生産,20.0,%
トワイライト・プリトウェン,3,食料生産,26.7,%
トワイライト・プリトウェン,4,食料生産,33.3,%
トワイライト・プリトウェン,5,食料生産,40.0,%
トワイライト・プリトウェン,1,治療速度,21.7,%
トワイライト・プリトウェン,2,治療速度,32.5,%
トワイライト・プリトウェン,3,治療速度,43.3,%
トワイライト・プリトウェン,4,治療速度,54.2,%
トワイライト・プリトウェン,5,治療速度,65.0,%
光翼のセイバー,1,英雄移動速度,8.0,%
光翼のセイバー,2,英雄移動速度,12.0,%
光翼のセイバー,3,英雄移動速度,16.0,%
光翼のセイバー,4,英雄移動速度,19.9,%
光翼のセイバー,5,英雄移動速度,23.9,%
光翼のセイバー,1,対魔獣攻撃力,21.2,%
光翼のセイバー,2,対魔獣攻撃力,31.8,%
光翼のセイバー,3,対魔獣攻撃力,42.4,%
光翼のセイバー,4,対魔獣攻撃力,53.0,%
光翼のセイバー,5,対魔獣攻撃力,63.6,%
光翼のセイバー,1,対幻獣攻撃力,45.3,%
光翼のセイバー,2,対幻獣攻撃力,68.0,%
光翼のセイバー,3,対幻獣攻撃力,90.7,%
光翼のセイバー,4,対幻獣攻撃力,113.3,%
光翼のセイバー,5,対幻獣攻撃力,136.0,%
アイスフレイル,1,兵士攻撃力,11.3,%
アイスフレイル,2,兵士攻撃力,17.0,%
アイスフレイル,3,兵士攻撃力,22.7,%
アイスフレイル,4,兵士攻撃力,28.3,%
アイスフレイル,5,兵士攻撃力,34.0,%
アイスフレイル,1,食料生産,18.5,%
アイスフレイル,2,食料生産,27.8,%
アイスフレイル,3,食料生産,37.0,%
アイスフレイル,4,食料生産,46.3,%
アイスフレイル,5,食料生産,55.6,%
凍月弓,1,木材生産,18.5,%
凍月弓,2,木材生産,27.8,%
凍月弓,3,木材生産,37.0,%
凍月弓,4,木材生産,46.3,%
凍月弓,5,木材生産,55.6,%
凍月弓,1,弓兵タイプ攻撃力,22.7,%
凍月弓,2,弓兵タイプ攻撃力,24.0,%
凍月弓,3,弓兵タイプ攻撃力,45.3,%
凍月弓,4,弓兵タイプ攻撃力,56.7,%
凍月弓,5,弓兵タイプ攻撃力,68.0,%
蒼三叉トライデント,1,石材生産,18.5,%
蒼三叉トライデント,2,石材生産,27.8,%
蒼三叉トライデント,3,石材生産,37.0,%
蒼三叉トライデント,4,石材生産,46.3,%
蒼三叉トライデント,5,石材生産,55.6,%
蒼三叉トライデント,1,槍兵タイプ攻撃力,22.7,%
蒼三叉トライデント,2,槍兵タイプ攻撃力,34.0,%
蒼三叉トライデント,3,槍兵タイプ攻撃力,45.3,%
蒼三叉トライデント,4,槍兵タイプ攻撃力,56.7,%
蒼三叉トライデント,5,槍兵タイプ攻撃力,68.0,%
颶風剣アスカロン,1,鉱石生産,18.5,%
颶風剣アスカロン,2,鉱石生産,27.8,%
颶風剣アスカロン,3,鉱石生産,37.0,%
颶風剣アスカロン,4,鉱石生産,46.3,%
颶風剣アスカロン,5,鉱石生産,55.6,%
颶風剣アスカロン,1,騎兵タイプ攻撃力,22.7,%
颶風剣アスカロン,2,騎兵タイプ攻撃力,34.0,%
颶風剣アスカロン,3,騎兵タイプ攻撃力,45.3,%
颶風剣アスカロン,4,騎兵タイプ攻撃力,56.7,%
颶風剣アスカロン,5,騎兵タイプ攻撃力,68.0,%
雷斧ケラヴノス,1,研究速度,3.7,%
雷斧ケラヴノス,2,研究速度,5.6,%
雷斧ケラヴノス,3,研究速度,7.4,%
雷斧ケラヴノス,4,研究速度,9.3,%
雷斧ケラヴノス,5,研究速度,11.1,%
雷斧ケラヴノス,6,研究速度,13.0,%
雷斧ケラヴノス,1,兵士攻撃力,20.6,%
雷斧ケラヴノス,2,兵士攻撃力,30.8,%
雷斧ケラヴノス,3,兵士攻撃力,41.1,%
雷斧ケラヴノス,4,兵士攻撃力,51.4,%
雷斧ケラヴノス,5,兵士攻撃力,61.7,%
雷斧ケラヴノス,6,兵士攻撃力,71.9,%
雷斧ケラヴノス,1,行軍速度,7.1,%
雷斧ケラヴノス,2,行軍速度,10.7,%
雷斧ケラヴノス,3,行軍速度,14.3,%
雷斧ケラヴノス,4,行軍速度,17.8,%
雷斧ケラヴノス,5,行軍速度,21.4,%
雷斧ケラヴノス,6,行軍速度,24.9,%
アクアシングシールド,1,建設速度,2.2,%
アクアシングシールド,2,建設速度,3.3,%
アクアシングシールド,3,建設速度,4.3,%
アクアシングシールド,4,建設速度,5.4,%
アクアシングシールド,5,建設速度,6.5,%
アクアシングシールド,1,治療速度,26.7,%
アクアシングシールド,2,治療速度,40.0,%
アクアシングシールド,3,治療速度,53.3,%
アクアシングシールド,4,治療速度,66.7,%
アクアシングシールド,5,治療速度,80.0,%
アクアシングシールド,1,兵士防御力,15.0,%
アクアシングシールド,2,兵士防御力,22.5,%
アクアシングシールド,3,兵士防御力,30.0,%
アクアシングシールド,4,兵士防御力,37.5,%
アクアシングシールド,5,兵士防御力,45.0,%
天穹の荒弓,1,木材生産,20.0,%
天穹の荒弓,2,木材生産,30.0,%
天穹の荒弓,3,木材生産,40.0,%
天穹の荒弓,4,木材生産,50.0,%
天穹の荒弓,5,木材生産,60.0,%
天穹の荒弓,1,弓兵タイプ攻撃力,26.7,%
天穹の荒弓,2,弓兵タイプ攻撃力,40.0,%
天穹の荒弓,3,弓兵タイプ攻撃力,53.3,%
天穹の荒弓,4,弓兵タイプ攻撃力,66.7,%
天穹の荒弓,5,弓兵タイプ攻撃力,80.0,%
天穹の荒弓,1,行軍速度,6.0,%
天穹の荒弓,2,行軍速度,9.0,%
天穹の荒弓,3,行軍速度,12.0,%
天穹の荒弓,4,行軍速度,15.0,%
天穹の荒弓,5,行軍速度,18.0,%
ゲイルスケーグルの戦槍,1,鉱石生産,20.0,%
ゲイルスケーグルの戦槍,2,鉱石生産,30.0,%
ゲイルスケーグルの戦槍,3,鉱石生産,40.0,%
ゲイルスケーグルの戦槍,4,鉱石生産,50.0,%
ゲイルスケーグルの戦槍,5,鉱石生産,60.0,%
ゲイルスケーグルの戦槍,1,槍兵タイプ攻撃力,26.7,%
ゲイルスケーグルの戦槍,2,槍兵タイプ攻撃力,40.0,%
ゲイルスケーグルの戦槍,3,槍兵タイプ攻撃力,53.3,%
ゲイルスケーグルの戦槍,4,槍兵タイプ攻撃力,66.7,%
ゲイルスケーグルの戦槍,5,槍兵タイプ攻撃力,80.0,%
ゲイルスケーグルの戦槍,1,行軍速度,6.0,%
ゲイルスケーグルの戦槍,2,行軍速度,9.0,%
ゲイルスケーグルの戦槍,3,行軍速度,12.0,%
ゲイルスケーグルの戦槍,4,行軍速度,15.0,%
ゲイルスケーグルの戦槍,5,行軍速度,18.0,%
雪嶺断スケッギョルド,1,英雄移動速度,9.3,%
雪嶺断スケッギョルド,2,英雄移動速度,13.9,%
雪嶺断スケッギョルド,3,英雄移動速度,18.5,%
雪嶺断スケッギョルド,4,英雄移動速度,23.2,%
雪嶺断スケッギョルド,5,英雄移動速度,27.8,%
雪嶺断スケッギョルド,1,対魔獣攻撃力,27.4,%
雪嶺断スケッギョルド,2,対魔獣攻撃力,41.1,%
雪嶺断スケッギョルド,3,対魔獣攻撃力,54.8,%
雪嶺断スケッギョルド,4,対魔獣攻撃力,68.5,%
雪嶺断スケッギョルド,5,対魔獣攻撃力,82.2,%
雪嶺断スケッギョルド,1,対亜人攻撃力,54.8,%
雪嶺断スケッギョルド,2,対亜人攻撃力,82.2,%
雪嶺断スケッギョルド,3,対亜人攻撃力,109.6,%
雪嶺断スケッギョルド,4,対亜人攻撃力,137.0,%
雪嶺断スケッギョルド,5,対亜人攻撃力,164.4,%
祓剣クリスクロス,1,英雄移動速度,8.7,%
祓剣クリスクロス,2,英雄移動速度,13.0,%
祓剣クリスクロス,3,英雄移動速度,17.3,%
祓剣クリスクロス,4,英雄移動速度,21.7,%
祓剣クリスクロス,5,英雄移動速度,26.0,%
祓剣クリスクロス,1,対魔獣攻撃力,24.7,%
祓剣クリスクロス,2,対魔獣攻撃力,37.0,%
祓剣クリスクロス,3,対魔獣攻撃力,49.3,%
祓剣クリスクロス,4,対魔獣攻撃力,61.7,%
祓剣クリスクロス,5,対魔獣攻撃力,74.0,%
祓剣クリスクロス,1,対悪魔攻撃力,53.3,%
祓剣クリスクロス,2,対悪魔攻撃力,80.0,%
祓剣クリスクロス,3,対悪魔攻撃力,106.7,%
祓剣クリスクロス,4,対悪魔攻撃力,133.3,%
祓剣クリスクロス,5,対悪魔攻撃力,160.0,%
刃折れの剣,1,英雄移動速度,11.3,%
刃折れの剣,2,英雄移動速度,17.0,%
刃折れの剣,3,英雄移動速度,22.7,%
刃折れの剣,4,英雄移動速度,28.3,%
刃折れの剣,5,英雄移動速度,34.0,%
刃折れの剣,1,対魔獣攻撃力,33.3,%
刃折れの剣,2,対魔獣攻撃力,50.0,%
刃折れの剣,3,対魔獣攻撃力,66.7,%
刃折れの剣,4,対魔獣攻撃力,83.3,%
刃折れの剣,5,対魔獣攻撃力,100.0,%
刃折れの剣,1,対晶魔攻撃力,66.7,%
刃折れの剣,2,対晶魔攻撃力,100.0,%
刃折れの剣,3,対晶魔攻撃力,133.3,%
刃折れの剣,4,対晶魔攻撃力,166.7,%
刃折れの剣,5,対晶魔攻撃力,200.0,%
ゼーレシルト,1,鉱石生産,22.7,%
ゼーレシルト,2,鉱石生産,34.0,%
ゼーレシルト,3,鉱石生産,45.3,%
ゼーレシルト,4,鉱石生産,56.7,%
ゼーレシルト,5,鉱石生産,68.0,%
ゼーレシルト,1,治療速度,33.3,%
ゼーレシルト,2,治療速度,50.0,%
ゼーレシルト,3,治療速度,66.7,%
ゼーレシルト,4,治療速度,83.3,%
ゼーレシルト,5,治療速度,100.0,%
ゼーレシルト,1,兵士防御力,18.3,%
ゼーレシルト,2,兵士防御力,27.5,%
ゼーレシルト,3,兵士防御力,36.7,%
ゼーレシルト,4,兵士防御力,45.8,%
ゼーレシルト,5,兵士防御力,55.0,%
ステンノアロー,1,弓兵タイプ攻撃力,33.3,%
ステンノアロー,2,弓兵タイプ攻撃力,50.0,%
ステンノアロー,3,弓兵タイプ攻撃力,66.7,%
ステンノアロー,4,弓兵タイプ攻撃力,83.3,%
ステンノアロー,5,弓兵タイプ攻撃力,100.0,%
ステンノアロー,1,行軍速度,6.7,%
ステンノアロー,2,行軍速度,10.0,%
ステンノアロー,3,行軍速度,13.3,%
ステンノアロー,4,行軍速度,16.7,%
ステンノアロー,5,行軍速度,20.0,%
ステンノアロー,1,弓兵タイプ訓練速度,4.0,%
ステンノアロー,2,弓兵タイプ訓練速度,6.0,%
ステンノアロー,3,弓兵タイプ訓練速度,8.0,%
ステンノアロー,4,弓兵タイプ訓練速度,10.0,%
ステンノアロー,5,弓兵タイプ訓練速度,12.0,%
呪われた魔槍ハーゲン,1,槍兵タイプ攻撃力,33.3,%
呪われた魔槍ハーゲン,2,槍兵タイプ攻撃力,50.0,%
呪われた魔槍ハーゲン,3,槍兵タイプ攻撃力,66.7,%
呪われた魔槍ハーゲン,4,槍兵タイプ攻撃力,83.3,%
呪われた魔槍ハーゲン,5,槍兵タイプ攻撃力,100.0,%
呪われた魔槍ハーゲン,1,行軍速度,6.7,%
呪われた魔槍ハーゲン,2,行軍速度,10.0,%
呪われた魔槍ハーゲン,3,行軍速度,13.3,%
呪われた魔槍ハーゲン,4,行軍速度,16.7,%
呪われた魔槍ハーゲン,5,行軍速度,20.0,%
呪われた魔槍ハーゲン,1,槍兵タイプ訓練速度,4.0,%
呪われた魔槍ハーゲン,2,槍兵タイプ訓練速度,6.0,%
呪われた魔槍ハーゲン,3,槍兵タイプ訓練速度,8.0,%
呪われた魔槍ハーゲン,4,槍兵タイプ訓練速度,10.0,%
呪われた魔槍ハーゲン,5,槍兵タイプ訓練速度,12.0,%
吸精の大鎌,1,英雄移動速度,11.3,%
吸精の大鎌,2,英雄移動速度,17.0,%
吸精の大鎌,3,英雄移動速度,22.7,%
吸精の大鎌,4,英雄移動速度,28.3,%
吸精の大鎌,5,英雄移動速度,34.0,%
吸精の大鎌,1,対魔獣攻撃力,33.3,%
吸精の大鎌,2,対魔獣攻撃力,50.0,%
吸精の大鎌,3,対魔獣攻撃力,66.7,%
吸精の大鎌,4,対魔獣攻撃力,83.3,%
吸精の大鎌,5,対魔獣攻撃力,100.0,%
吸精の大鎌,1,対竜族攻撃力,66.7,%
吸精の大鎌,2,対竜族攻撃力,100.0,%
吸精の大鎌,3,対竜族攻撃力,133.3,%
吸精の大鎌,4,対竜族攻撃力,166.7,%
吸精の大鎌,5,対竜族攻撃力,200.0,%
楔の剣スクリムスラ,1,石材生産,22.7,%
楔の剣スクリムスラ,2,石材生産,34.0,%
楔の剣スクリムスラ,3,石材生産,45.3,%
楔の剣スクリムスラ,4,石材生産,56.7,%
楔の剣スクリムスラ,5,石材生産,68.0,%
楔の剣スクリムスラ,1,騎兵タイプ攻撃力,33.3,%
楔の剣スクリムスラ,2,騎兵タイプ攻撃力,50.0,%
楔の剣スクリムスラ,3,騎兵タイプ攻撃力,66.7,%
楔の剣スクリムスラ,4,騎兵タイプ攻撃力,83.3,%
楔の剣スクリムスラ,5,騎兵タイプ攻撃力,100.0,%
楔の剣スクリムスラ,1,行軍速度,6.7,%
楔の剣スクリムスラ,2,行軍速度,10.0,%
楔の剣スクリムスラ,3,行軍速度,13.3,%
楔の剣スクリムスラ,4,行軍速度,16.7,%
楔の剣スクリムスラ,5,行軍速度,20.0,%
神槍ブリューナク,1,槍兵タイプ攻撃力,56.0,%
神槍ブリューナク,2,槍兵タイプ攻撃力,83.9,%
神槍ブリューナク,3,槍兵タイプ攻撃力,111.9,%
神槍ブリューナク,4,槍兵タイプ攻撃力,139.9,%
神槍ブリューナク,5,槍兵タイプ攻撃力,167.9,%
神槍ブリューナク,6,槍兵タイプ攻撃力,195.8,%
神槍ブリューナク,1,行軍速度,9.7,%
神槍ブリューナク,2,行軍速度,14.6,%
神槍ブリューナク,3,行軍速度,19.4,%
神槍ブリューナク,4,行軍速度,24.3,%
神槍ブリューナク,5,行軍速度,29.1,%
神槍ブリューナク,6,行軍速度,34.0,%
神槍ブリューナク,1,運搬力,11.0,%
神槍ブリューナク,2,運搬力,16.5,%
神槍ブリューナク,3,運搬力,21.9,%
神槍ブリューナク,4,運搬力,27.4,%
神槍ブリューナク,5,運搬力,32.9,%
神槍ブリューナク,6,運搬力,38.4,%
蒼盾儀ヴィーナス,1,木材生産,27.4,%
蒼盾儀ヴィーナス,2,木材生産,41.1,%
蒼盾儀ヴィーナス,3,木材生産,54.8,%
蒼盾儀ヴィーナス,4,木材生産,68.5,%
蒼盾儀ヴィーナス,5,木材生産,82.2,%
蒼盾儀ヴィーナス,1,治療速度,37.3,%
蒼盾儀ヴィーナス,2,治療速度,56.0,%
蒼盾儀ヴィーナス,3,治療速度,74.6,%
蒼盾儀ヴィーナス,4,治療速度,93.3,%
蒼盾儀ヴィーナス,5,治療速度,111.9,%
蒼盾儀ヴィーナス,1,兵士防御力,20.5,%
蒼盾儀ヴィーナス,2,兵士防御力,30.8,%
蒼盾儀ヴィーナス,3,兵士防御力,41.0,%
蒼盾儀ヴィーナス,4,兵士防御力,51.3,%
蒼盾儀ヴィーナス,5,兵士防御力,61.6,%
ファントムドリーム,1,兵士攻撃力,23.3,%
ファントムドリーム,2,兵士攻撃力,35.0,%
ファントムドリーム,3,兵士攻撃力,46.7,%
ファントムドリーム,4,兵士攻撃力,58.3,%
ファントムドリーム,5,兵士攻撃力,70.0,%
ファントムドリーム,1,行軍速度,7.5,%
ファントムドリーム,2,行軍速度,11.2,%
ファントムドリーム,3,行軍速度,14.9,%
ファントムドリーム,4,行軍速度,18.7,%
ファントムドリーム,5,行軍速度,22.4,%
ファントムドリーム,1,砲兵タイプ訓練速度,4.8,%
ファントムドリーム,2,砲兵タイプ訓練速度,7.2,%
ファントムドリーム,3,砲兵タイプ訓練速度,9.6,%
ファントムドリーム,4,砲兵タイプ訓練速度,12.0,%
ファントムドリーム,5,砲兵タイプ訓練速度,14.4,%
刻魔剣ソウルティアー,1,騎兵タイプ攻撃力,43.4,%
刻魔剣ソウルティアー,2,騎兵タイプ攻撃力,65.0,%
刻魔剣ソウルティアー,3,騎兵タイプ攻撃力,86.7,%
刻魔剣ソウルティアー,4,騎兵タイプ攻撃力,108.4,%
刻魔剣ソウルティアー,5,騎兵タイプ攻撃力,130.0,%
刻魔剣ソウルティアー,1,行軍速度,7.5,%
刻魔剣ソウルティアー,2,行軍速度,11.2,%
刻魔剣ソウルティアー,3,行軍速度,14.9,%
刻魔剣ソウルティアー,4,行軍速度,18.7,%
刻魔剣ソウルティアー,5,行軍速度,22.4,%
刻魔剣ソウルティアー,1,騎兵タイプ訓練速度,4.8,%
刻魔剣ソウルティアー,2,騎兵タイプ訓練速度,7.2,%
刻魔剣ソウルティアー,3,騎兵タイプ訓練速度,9.6,%
刻魔剣ソウルティアー,4,騎兵タイプ訓練速度,12.0,%
刻魔剣ソウルティアー,5,騎兵タイプ訓練速度,14.4,%
ゴルゴダ・ダガー,1,英雄移動速度,13.0,%
ゴルゴダ・ダガー,2,英雄移動速度,19.5,%
ゴルゴダ・ダガー,3,英雄移動速度,26.0,%
ゴルゴダ・ダガー,4,英雄移動速度,32.5,%
ゴルゴダ・ダガー,5,英雄移動速度,39.0,%
ゴルゴダ・ダガー,6,英雄移動速度,39.0,%
ゴルゴダ・ダガー,1,対魔獣攻撃力,35.0,%
ゴルゴダ・ダガー,2,対魔獣攻撃力,52.5,%
ゴルゴダ・ダガー,3,対魔獣攻撃力,70.0,%
ゴルゴダ・ダガー,4,対魔獣攻撃力,78.5,%
ゴルゴダ・ダガー,5,対魔獣攻撃力,105.0,%
ゴルゴダ・ダガー,6,対魔獣攻撃力,105.0,%
ゴルゴダ・ダガー,1,対神族攻撃力,74.6,%
ゴルゴダ・ダガー,2,対神族攻撃力,111.9,%
ゴルゴダ・ダガー,3,対神族攻撃力,149.2,%
ゴルゴダ・ダガー,4,対神族攻撃力,186.5,%
ゴルゴダ・ダガー,5,対神族攻撃力,223.8,%
ゴルゴダ・ダガー,6,対神族攻撃力,223.8,%
ゴルゴダ・ダガー,6,兵士維持効率,23.0,%
煌裂斧スターラブリュス,1,英雄移動速度,13.0,%
煌裂斧スターラブリュス,2,英雄移動速度,19.5,%
煌裂斧スターラブリュス,3,英雄移動速度,26.0,%
煌裂斧スターラブリュス,4,英雄移動速度,32.5,%
煌裂斧スターラブリュス,5,英雄移動速度,39.0,%
煌裂斧スターラブリュス,6,英雄移動速度,39.0,%
煌裂斧スターラブリュス,1,対魔獣攻撃力,35.0,%
煌裂斧スターラブリュス,2,対魔獣攻撃力,52.5,%
煌裂斧スターラブリュス,3,対魔獣攻撃力,70.0,%
煌裂斧スターラブリュス,4,対魔獣攻撃力,87.5,%
煌裂斧スターラブリュス,5,対魔獣攻撃力,105.0,%
煌裂斧スターラブリュス,6,対魔獣攻撃力,105.0,%
煌裂斧スターラブリュス,1,対悪魔攻撃力,74.6,%
煌裂斧スターラブリュス,2,対悪魔攻撃力,111.9,%
煌裂斧スターラブリュス,3,対悪魔攻撃力,149.2,%
煌裂斧スターラブリュス,4,対悪魔攻撃力,186.5,%
煌裂斧スターラブリュス,5,対悪魔攻撃力,223.8,%
煌裂斧スターラブリュス,6,対悪魔攻撃力,223.8,%
煌裂斧スターラブリュス,6,兵士維持効率,23.0,%
刻絶鎌ツィーリヒト,1,英雄移動速度,13.0,%
刻絶鎌ツィーリヒト,2,英雄移動速度,19.5,%
刻絶鎌ツィーリヒト,3,英雄移動速度,26.0,%
刻絶鎌ツィーリヒト,4,英雄移動速度,32.5,%
刻絶鎌ツィーリヒト,5,英雄移動速度,39.0,%
刻絶鎌ツィーリヒト,6,英雄移動速度,39.0,%
刻絶鎌ツィーリヒト,1,対魔獣攻撃力,35.0,%
刻絶鎌ツィーリヒト,2,対魔獣攻撃力,52.5,%
刻絶鎌ツィーリヒト,3,対魔獣攻撃力,70.0,%
刻絶鎌ツィーリヒト,4,対魔獣攻撃力,87.5,%
刻絶鎌ツィーリヒト,5,対魔獣攻撃力,105.0,%
刻絶鎌ツィーリヒト,6,対魔獣攻撃力,105.0,%
刻絶鎌ツィーリヒト,1,対亜人攻撃力,74.6,%
刻絶鎌ツィーリヒト,2,対亜人攻撃力,111.9,%
刻絶鎌ツィーリヒト,3,対亜人攻撃力,149.2,%
刻絶鎌ツィーリヒト,4,対亜人攻撃力,186.5,%
刻絶鎌ツィーリヒト,5,対亜人攻撃力,223.8,%
刻絶鎌ツィーリヒト,6,対亜人攻撃力,223.8,%
刻絶鎌ツィーリヒト,6,兵士維持効率,23.0,%
雷切丸,1,英雄移動速度,12.3,%
雷切丸,2,英雄移動速度,18.5,%
雷切丸,3,英雄移動速度,24.7,%
雷切丸,4,英雄移動速度,30.8,%
雷切丸,5,英雄移動速度,37.0,%
雷切丸,6,英雄移動速度,37.0,%
雷切丸,1,対魔獣攻撃力,33.3,%
雷切丸,2,対魔獣攻撃力,50.0,%
雷切丸,3,対魔獣攻撃力,66.7,%
雷切丸,4,対魔獣攻撃力,83.3,%
雷切丸,5,対魔獣攻撃力,100.0,%
雷切丸,6,対魔獣攻撃力,100.0,%
雷切丸,1,対幻獣攻撃力,74.6,%
雷切丸,2,対幻獣攻撃力,111.9,%
雷切丸,3,対幻獣攻撃力,149.2,%
雷切丸,4,対幻獣攻撃力,186.5,%
雷切丸,5,対幻獣攻撃力,223.8,%
雷切丸,6,対幻獣攻撃力,223.8,%
雷切丸,6,兵士維持効率,23.0,%
撃鉄槌ディストラクション,1,英雄移動速度,13.7,%
撃鉄槌ディストラクション,2,英雄移動速度,20.6,%
撃鉄槌ディストラクション,3,英雄移動速度,27.4,%
撃鉄槌ディストラクション,4,英雄移動速度,34.3,%
撃鉄槌ディストラクション,5,英雄移動速度,41.1,%
撃鉄槌ディストラクション,6,英雄移動速度,41.1,%
撃鉄槌ディストラクション,1,対魔獣攻撃力,37.3,%
撃鉄槌ディストラクション,2,対魔獣攻撃力,56.0,%
撃鉄槌ディストラクション,3,対魔獣攻撃力,74.6,%
撃鉄槌ディストラクション,4,対魔獣攻撃力,93.3,%
撃鉄槌ディストラクション,5,対魔獣攻撃力,111.9,%
撃鉄槌ディストラクション,6,対魔獣攻撃力,111.9,%
撃鉄槌ディストラクション,1,対無機物攻撃力,74.6,%
撃鉄槌ディストラクション,2,対無機物攻撃力,111.9,%
撃鉄槌ディストラクション,3,対無機物攻撃力,149.2,%
撃鉄槌ディストラクション,4,対無機物攻撃力,186.5,%
撃鉄槌ディストラクション,5,対無機物攻撃力,223.8,%
撃鉄槌ディストラクション,6,対無機物攻撃力,223.8,%
撃鉄槌ディストラクション,6,兵士維持効率,23.0,%
アルテミスの弓,1,弓兵タイプ攻撃力,91.7,%
アルテミスの弓,2,弓兵タイプ攻撃力,137.5,%
アルテミスの弓,3,弓兵タイプ攻撃力,183.3,%
アルテミスの弓,4,弓兵タイプ攻撃力,229.2,%
アルテミスの弓,5,弓兵タイプ攻撃力,275.0,%
アルテミスの弓,6,弓兵タイプ攻撃力,320.8,%
アルテミスの弓,1,行軍速度,10.8,%
アルテミスの弓,2,行軍速度,16.2,%
アルテミスの弓,3,行軍速度,21.7,%
アルテミスの弓,4,行軍速度,27.1,%
アルテミスの弓,5,行軍速度,32.5,%
アルテミスの弓,6,行軍速度,37.9,%
アルテミスの弓,1,運搬力,13.3,%
アルテミスの弓,2,運搬力,20.0,%
アルテミスの弓,3,運搬力,26.7,%
アルテミスの弓,4,運搬力,33.3,%
アルテミスの弓,5,運搬力,40.0,%
アルテミスの弓,6,運搬力,46.7,%
妖剣ダーインスレイヴ,1,騎兵タイプ攻撃力,91.7,%
妖剣ダーインスレイヴ,2,騎兵タイプ攻撃力,137.5,%
妖剣ダーインスレイヴ,3,騎兵タイプ攻撃力,183.3,%
妖剣ダーインスレイヴ,4,騎兵タイプ攻撃力,229.2,%
妖剣ダーインスレイヴ,5,騎兵タイプ攻撃力,275.0,%
妖剣ダーインスレイヴ,6,騎兵タイプ攻撃力,320.8,%
妖剣ダーインスレイヴ,1,行軍速度,10.8,%
妖剣ダーインスレイヴ,2,行軍速度,16.2,%
妖剣ダーインスレイヴ,3,行軍速度,21.7,%
妖剣ダーインスレイヴ,4,行軍速度,27.1,%
妖剣ダーインスレイヴ,5,行軍速度,32.5,%
妖剣ダーインスレイヴ,6,行軍速度,37.9,%
妖剣ダーインスレイヴ,1,運搬力,13.3,%
妖剣ダーインスレイヴ,2,運搬力,20.0,%
妖剣ダーインスレイヴ,3,運搬力,26.7,%
妖剣ダーインスレイヴ,4,運搬力,33.3,%
妖剣ダーインスレイヴ,5,運搬力,40.0,%
妖剣ダーインスレイヴ,6,運搬力,46.7,%
ベンヌの盾,1,兵士防御力,45.8,%
ベンヌの盾,2,兵士防御力,68.7,%
ベンヌの盾,3,兵士防御力,91.7,%
ベンヌの盾,4,兵士防御力,114.6,%
ベンヌの盾,5,兵士防御力,137.5,%
ベンヌの盾,6,兵士防御力,160.4,%
ベンヌの盾,1,食料生産,30.0,%
ベンヌの盾,2,食料生産,45.0,%
ベンヌの盾,3,食料生産,60.0,%
ベンヌの盾,4,食料生産,75.0,%
ベンヌの盾,5,食料生産,90.0,%
ベンヌの盾,6,食料生産,105.0,%
ベンヌの盾,1,治療速度,50.0,%
ベンヌの盾,2,治療速度,75.0,%
ベンヌの盾,3,治療速度,100.0,%
ベンヌの盾,4,治療速度,125.0,%
ベンヌの盾,5,治療速度,150.0,%
ベンヌの盾,6,治療速度,175.0,%
ドラゴンころし,1,兵士攻撃力,25.8,%
ドラゴンころし,2,兵士攻撃力,38.7,%
ドラゴンころし,3,兵士攻撃力,51.7,%
ドラゴンころし,4,兵士攻撃力,64.6,%
ドラゴンころし,5,兵士攻撃力,77.5,%
ドラゴンころし,1,対竜族攻撃力,133.3,%
ドラゴンころし,2,対竜族攻撃力,200.0,%
ドラゴンころし,3,対竜族攻撃力,266.7,%
ドラゴンころし,4,対竜族攻撃力,333.3,%
ドラゴンころし,5,対竜族攻撃力,400.0,%
ドラゴンころし,1,行軍速度,8.3,%
ドラゴンころし,2,行軍速度,12.5,%
ドラゴンころし,3,行軍速度,16.7,%
ドラゴンころし,4,行軍速度,20.8,%
ドラゴンころし,5,行軍速度,25.0,%
ドラゴンころし,1,運搬力,10.0,%
ドラゴンころし,2,運搬力,15.0,%
ドラゴンころし,3,運搬力,20.0,%
ドラゴンころし,4,運搬力,25.0,%
ドラゴンころし,5,運搬力,30.0,%
覇竜剣・天魁,1,英雄移動速度,15.0,%
覇竜剣・天魁,2,英雄移動速度,22.5,%
覇竜剣・天魁,3,英雄移動速度,30.0,%
覇竜剣・天魁,4,英雄移動速度,37.5,%
覇竜剣・天魁,5,英雄移動速度,45.0,%
覇竜剣・天魁,6,英雄移動速度,45.0,%
覇竜剣・天魁,1,対魔獣攻撃力,41.7,%
覇竜剣・天魁,2,対魔獣攻撃力,62.5,%
覇竜剣・天魁,3,対魔獣攻撃力,83.3,%
覇竜剣・天魁,4,対魔獣攻撃力,104.2,%
覇竜剣・天魁,5,対魔獣攻撃力,125.0,%
覇竜剣・天魁,6,対魔獣攻撃力,125.0,%
覇竜剣・天魁,1,対幻獣攻撃力,83.3,%
覇竜剣・天魁,2,対幻獣攻撃力,125.0,%
覇竜剣・天魁,3,対幻獣攻撃力,166.7,%
覇竜剣・天魁,4,対幻獣攻撃力,208.3,%
覇竜剣・天魁,5,対幻獣攻撃力,250.0,%
覇竜剣・天魁,6,対幻獣攻撃力,250.0,%
覇竜剣・天魁,6,兵士維持効率,28.0,%
トリシューラ,1,兵士攻撃力,26.7,%
トリシューラ,2,兵士攻撃力,40.0,%
トリシューラ,3,兵士攻撃力,53.3,%
トリシューラ,4,兵士攻撃力,66.7,%
トリシューラ,5,兵士攻撃力,80.0,%
トリシューラ,1,行軍速度,8.3,%
トリシューラ,2,行軍速度,12.5,%
トリシューラ,3,行軍速度,16.7,%
トリシューラ,4,行軍速度,20.8,%
トリシューラ,5,行軍速度,25.0,%
トリシューラ,1,運搬力,10.0,%
トリシューラ,2,運搬力,15.0,%
トリシューラ,3,運搬力,20.0,%
トリシューラ,4,運搬力,25.0,%
トリシューラ,5,運搬力,30.0,%
蒼岩槌ケツァルカトル,1,防御兵器製造速度,6.7,%
蒼岩槌ケツァルカトル,2,防御兵器製造速度,10.0,%
蒼岩槌ケツァルカトル,3,防御兵器製造速度,13.3,%
蒼岩槌ケツァルカトル,4,防御兵器製造速度,16.7,%
蒼岩槌ケツァルカトル,5,防御兵器製造速度,20.0,%
蒼岩槌ケツァルカトル,1,英雄移動速度,20.8,%
蒼岩槌ケツァルカトル,2,英雄移動速度,31.2,%
蒼岩槌ケツァルカトル,3,英雄移動速度,41.7,%
蒼岩槌ケツァルカトル,4,英雄移動速度,52.1,%
蒼岩槌ケツァルカトル,5,英雄移動速度,62.5,%
蒼岩槌ケツァルカトル,1,対光輪龍攻撃力,83.3,%
蒼岩槌ケツァルカトル,2,対光輪龍攻撃力,125.0,%
蒼岩槌ケツァルカトル,3,対光輪龍攻撃力,166.7,%
蒼岩槌ケツァルカトル,4,対光輪龍攻撃力,208.3,%
蒼岩槌ケツァルカトル,5,対光輪龍攻撃力,250.0,%
デスティアーズ,1,英雄移動速度,20.8,%
デスティアーズ,2,英雄移動速度,31.2,%
デスティアーズ,3,英雄移動速度,41.7,%
デスティアーズ,4,英雄移動速度,52.1,%
デスティアーズ,5,英雄移動速度,62.5,%
デスティアーズ,1,対灼炎龍攻撃力,83.3,%
デスティアーズ,2,対灼炎龍攻撃力,125.0,%
デスティアーズ,3,対灼炎龍攻撃力,166.7,%
デスティアーズ,4,対灼炎龍攻撃力,208.3,%
デスティアーズ,5,対灼炎龍攻撃力,250.0,%
デスティアーズ,1,騎兵タイプ訓練速度,6.7,%
デスティアーズ,2,騎兵タイプ訓練速度,10.0,%
デスティアーズ,3,騎兵タイプ訓練速度,13.3,%
デスティアーズ,4,騎兵タイプ訓練速度,16.7,%
デスティアーズ,5,騎兵タイプ訓練速度,20.0,%
巨神槍アイガイオン,1,英雄移動速度,20.8,%
巨神槍アイガイオン,2,英雄移動速度,31.2,%
巨神槍アイガイオン,3,英雄移動速度,41.7,%
巨神槍アイガイオン,4,英雄移動速度,52.1,%
巨神槍アイガイオン,5,英雄移動速度,62.5,%
巨神槍アイガイオン,1,対究極龍攻撃力,83.3,%
巨神槍アイガイオン,2,対究極龍攻撃力,125.0,%
巨神槍アイガイオン,3,対究極龍攻撃力,166.7,%
巨神槍アイガイオン,4,対究極龍攻撃力,208.3,%
巨神槍アイガイオン,5,対究極龍攻撃力,250.0,%
巨神槍アイガイオン,1,槍兵タイプ訓練速度,6.7,%
巨神槍アイガイオン,2,槍兵タイプ訓練速度,10.0,%
巨神槍アイガイオン,3,槍兵タイプ訓練速度,13.3,%
巨神槍アイガイオン,4,槍兵タイプ訓練速度,16.7,%
巨神槍アイガイオン,5,槍兵タイプ訓練速度,20.0,%
妖姫弓ティターニア,1,英雄移動速度,20.8,%
妖姫弓ティターニア,2,英雄移動速度,31.2,%
妖姫弓ティターニア,3,英雄移動速度,41.7,%
妖姫弓ティターニア,4,英雄移動速度,52.1,%
妖姫弓ティターニア,5,英雄移動速度,62.5,%
妖姫弓ティターニア,1,対氷獄龍攻撃力,83.3,%
妖姫弓ティターニア,2,対氷獄龍攻撃力,125.0,%
妖姫弓ティターニア,3,対氷獄龍攻撃力,166.7,%
妖姫弓ティターニア,4,対氷獄龍攻撃力,208.3,%
妖姫弓ティターニア,5,対氷獄龍攻撃力,250.0,%
妖姫弓ティターニア,1,弓兵タイプ訓練速度,6.7,%
妖姫弓ティターニア,2,弓兵タイプ訓練速度,10.0,%
妖姫弓ティターニア,3,弓兵タイプ訓練速度,13.3,%
妖姫弓ティターニア,4,弓兵タイプ訓練速度,16.7,%
妖姫弓ティターニア,5,弓兵タイプ訓練速度,20.0,%
龍槍ウインドストーム,1,槍兵タイプ攻撃力,50.0,%
龍槍ウインドストーム,2,槍兵タイプ攻撃力,75.0,%
龍槍ウインドストーム,3,槍兵タイプ攻撃力,100.0,%
龍槍ウインドストーム,4,槍兵タイプ攻撃力,125.0,%
龍槍ウインドストーム,5,槍兵タイプ攻撃力,150.0,%
龍槍ウインドストーム,1,行軍速度,8.3,%
龍槍ウインドストーム,2,行軍速度,12.5,%
龍槍ウインドストーム,3,行軍速度,16.7,%
龍槍ウインドストーム,4,行軍速度,20.8,%
龍槍ウインドストーム,5,行軍速度,25.0,%
龍槍ウインドストーム,1,運搬力,10.0,%
龍槍ウインドストーム,2,運搬力,15.0,%
龍槍ウインドストーム,3,運搬力,20.0,%
龍槍ウインドストーム,4,運搬力,25.0,%
龍槍ウインドストーム,5,運搬力,30.0,%
幽刻の儀矛,1,騎兵タイプ攻撃力,50.0,%
幽刻の儀矛,2,騎兵タイプ攻撃力,75.0,%
幽刻の儀矛,3,騎兵タイプ攻撃力,100.0,%
幽刻の儀矛,4,騎兵タイプ攻撃力,125.0,%
幽刻の儀矛,5,騎兵タイプ攻撃力,150.0,%
幽刻の儀矛,1,行軍速度,8.3,%
幽刻の儀矛,2,行軍速度,12.5,%
幽刻の儀矛,3,行軍速度,16.7,%
幽刻の儀矛,4,行軍速度,20.8,%
幽刻の儀矛,5,行軍速度,25.0,%
幽刻の儀矛,1,運搬力,10.0,%
幽刻の儀矛,2,運搬力,15.0,%
幽刻の儀矛,3,運搬力,20.0,%
幽刻の儀矛,4,運搬力,25.0,%
幽刻の儀矛,5,運搬力,30.0,%
鮮血紅剣,1,英雄移動速度,15.0,%
鮮血紅剣,2,英雄移動速度,22.5,%
鮮血紅剣,3,英雄移動速度,30.0,%
鮮血紅剣,4,英雄移動速度,37.5,%
鮮血紅剣,5,英雄移動速度,45.0,%
鮮血紅剣,6,英雄移動速度,45.0,%
鮮血紅剣,1,対魔獣攻撃力,41.7,%
鮮血紅剣,2,対魔獣攻撃力,62.5,%
鮮血紅剣,3,対魔獣攻撃力,83.3,%
鮮血紅剣,4,対魔獣攻撃力,104.2,%
鮮血紅剣,5,対魔獣攻撃力,125.0,%
鮮血紅剣,6,対魔獣攻撃力,125.0,%
鮮血紅剣,1,対竜族攻撃力,83.3,%
鮮血紅剣,2,対竜族攻撃力,125.0,%
鮮血紅剣,3,対竜族攻撃力,166.7,%
鮮血紅剣,4,対竜族攻撃力,208.3,%
鮮血紅剣,5,対竜族攻撃力,250.0,%
鮮血紅剣,6,対竜族攻撃力,250.0,%
鮮血紅剣,6,兵士維持効率,28.0,%
疾駆のウィンドアーチ,1,弓兵タイプ攻撃力,50.0,%
疾駆のウィンドアーチ,2,弓兵タイプ攻撃力,75.0,%
疾駆のウィンドアーチ,3,弓兵タイプ攻撃力,100.0,%
疾駆のウィンドアーチ,4,弓兵タイプ攻撃力,125.0,%
疾駆のウィンドアーチ,5,弓兵タイプ攻撃力,150.0,%
疾駆のウィンドアーチ,1,行軍速度,8.3,%
疾駆のウィンドアーチ,2,行軍速度,12.5,%
疾駆のウィンドアーチ,3,行軍速度,16.7,%
疾駆のウィンドアーチ,4,行軍速度,20.8,%
疾駆のウィンドアーチ,5,行軍速度,25.0,%
疾駆のウィンドアーチ,1,運搬力,10.0,%
疾駆のウィンドアーチ,2,運搬力,15.0,%
疾駆のウィンドアーチ,3,運搬力,20.0,%
疾駆のウィンドアーチ,4,運搬力,25.0,%
疾駆のウィンドアーチ,5,運搬力,30.0,%
武神刹刃『闘覇冥水』,1,騎兵タイプ攻撃力,58.3,%
武神刹刃『闘覇冥水』,2,騎兵タイプ攻撃力,87.5,%
武神刹刃『闘覇冥水』,3,騎兵タイプ攻撃力,116.7,%
武神刹刃『闘覇冥水』,4,騎兵タイプ攻撃力,145.8,%
武神刹刃『闘覇冥水』,5,騎兵タイプ攻撃力,175.0,%
武神刹刃『闘覇冥水』,1,行軍速度,10.0,%
武神刹刃『闘覇冥水』,2,行軍速度,15.0,%
武神刹刃『闘覇冥水』,3,行軍速度,20.0,%
武神刹刃『闘覇冥水』,4,行軍速度,25.0,%
武神刹刃『闘覇冥水』,5,行軍速度,30.0,%
武神刹刃『闘覇冥水』,1,騎兵タイプ訓練速度,8.3,%
武神刹刃『闘覇冥水』,2,騎兵タイプ訓練速度,12.5,%
武神刹刃『闘覇冥水』,3,騎兵タイプ訓練速度,16.7,%
武神刹刃『闘覇冥水』,4,騎兵タイプ訓練速度,20.8,%
武神刹刃『闘覇冥水』,5,騎兵タイプ訓練速度,25.0,%
聖剣トバルカイン,1,英雄移動速度,17.7,%
聖剣トバルカイン,2,英雄移動速度,26.5,%
聖剣トバルカイン,3,英雄移動速度,35.4,%
聖剣トバルカイン,4,英雄移動速度,44.2,%
聖剣トバルカイン,5,英雄移動速度,53.1,%
聖剣トバルカイン,6,英雄移動速度,53.1,%
聖剣トバルカイン,1,対魔獣攻撃力,43.6,%
聖剣トバルカイン,2,対魔獣攻撃力,65.4,%
聖剣トバルカイン,3,対魔獣攻撃力,87.1,%
聖剣トバルカイン,4,対魔獣攻撃力,108.9,%
聖剣トバルカイン,5,対魔獣攻撃力,130.7,%
聖剣トバルカイン,6,対魔獣攻撃力,130.7,%
聖剣トバルカイン,1,対神族攻撃力,92.9,%
聖剣トバルカイン,2,対神族攻撃力,139.3,%
聖剣トバルカイン,3,対神族攻撃力,185.7,%
聖剣トバルカイン,4,対神族攻撃力,232.1,%
聖剣トバルカイン,5,対神族攻撃力,278.6,%
聖剣トバルカイン,6,対神族攻撃力,278.6,%
聖剣トバルカイン,6,兵士維持効率,33.0,%
威信のフレイル,1,英雄移動速度,17.7,%
威信のフレイル,2,英雄移動速度,26.5,%
威信のフレイル,3,英雄移動速度,35.4,%
威信のフレイル,4,英雄移動速度,44.2,%
威信のフレイル,5,英雄移動速度,53,1,%
威信のフレイル,6,英雄移動速度,53,1,%
威信のフレイル,1,対魔獣攻撃力,43.6,%
威信のフレイル,2,対魔獣攻撃力,65.4,%
威信のフレイル,3,対魔獣攻撃力,87.1,%
威信のフレイル,4,対魔獣攻撃力,108.9,%
威信のフレイル,5,対魔獣攻撃力,130.7,%
威信のフレイル,6,対魔獣攻撃力,130.7,%
威信のフレイル,1,対幻獣攻撃力,92.9,%
威信のフレイル,2,対幻獣攻撃力,139.3,%
威信のフレイル,3,対幻獣攻撃力,185.7,%
威信のフレイル,4,対幻獣攻撃力,232.1,%
威信のフレイル,5,対幻獣攻撃力,278.6,%
威信のフレイル,6,対幻獣攻撃力,278.6,%
威信のフレイル,6,兵士維持効率,33.0,%
ゲリエ・フルスタ,1,英雄移動速度,17.7,%
ゲリエ・フルスタ,2,英雄移動速度,26.5,%
ゲリエ・フルスタ,3,英雄移動速度,35.4,%
ゲリエ・フルスタ,4,英雄移動速度,44.2,%
ゲリエ・フルスタ,5,英雄移動速度,53.1,%
ゲリエ・フルスタ,6,英雄移動速度,53.1,%
ゲリエ・フルスタ,1,対魔獣攻撃力,43.6,%
ゲリエ・フルスタ,2,対魔獣攻撃力,65.4,%
ゲリエ・フルスタ,3,対魔獣攻撃力,87.1,%
ゲリエ・フルスタ,4,対魔獣攻撃力,108.9,%
ゲリエ・フルスタ,5,対魔獣攻撃力,130.7,%
ゲリエ・フルスタ,6,対魔獣攻撃力,130.7,%
ゲリエ・フルスタ,1,対竜族攻撃力,92.9,%
ゲリエ・フルスタ,2,対竜族攻撃力,139.3,%
ゲリエ・フルスタ,3,対竜族攻撃力,185.7,%
ゲリエ・フルスタ,4,対竜族攻撃力,232.1,%
ゲリエ・フルスタ,5,対竜族攻撃力,278.6,%
ゲリエ・フルスタ,6,対竜族攻撃力,278.6,%
ゲリエ・フルスタ,6,兵士維持効率,33.0,%
融解のドリルハンマー,1,英雄移動速度,17.7,%
融解のドリルハンマー,2,英雄移動速度,26.5,%
融解のドリルハンマー,3,英雄移動速度,35.4,%
融解のドリルハンマー,4,英雄移動速度,44.2,%
融解のドリルハンマー,5,英雄移動速度,53.1,%
融解のドリルハンマー,6,英雄移動速度,53.1,%
融解のドリルハンマー,1,対魔獣攻撃力,43.6,%
融解のドリルハンマー,2,対魔獣攻撃力,65.4,%
融解のドリルハンマー,3,対魔獣攻撃力,87.1,%
融解のドリルハンマー,4,対魔獣攻撃力,108.9,%
融解のドリルハンマー,5,対魔獣攻撃力,130.7,%
融解のドリルハンマー,6,対魔獣攻撃力,130.7,%
融解のドリルハンマー,1,対無機物攻撃力,92.9,%
融解のドリルハンマー,2,対無機物攻撃力,139.3,%
融解のドリルハンマー,3,対無機物攻撃力,185.7,%
融解のドリルハンマー,4,対無機物攻撃力,232.1,%
融解のドリルハンマー,5,対無機物攻撃力,278.6,%
融解のドリルハンマー,6,対無機物攻撃力,278.6,%
融解のドリルハンマー,6,兵士維持効率,33.0,%
オグルの巨斧,1,英雄移動速度,17.7,%
オグルの巨斧,2,英雄移動速度,26.5,%
オグルの巨斧,3,英雄移動速度,35.4,%
オグルの巨斧,4,英雄移動速度,44.2,%
オグルの巨斧,5,英雄移動速度,53.1,%
オグルの巨斧,6,英雄移動速度,53.1,%
オグルの巨斧,1,対魔獣攻撃力,43.6,%
オグルの巨斧,2,対魔獣攻撃力,65.4,%
オグルの巨斧,3,対魔獣攻撃力,87.1,%
オグルの巨斧,4,対魔獣攻撃力,108.9,%
オグルの巨斧,5,対魔獣攻撃力,130.7,%
オグルの巨斧,6,対魔獣攻撃力,130.7,%
オグルの巨斧,1,対悪魔攻撃力,92.9,%
オグルの巨斧,2,対悪魔攻撃力,139.3,%
オグルの巨斧,3,対悪魔攻撃力,185.7,%
オグルの巨斧,4,対悪魔攻撃力,232.1,%
オグルの巨斧,5,対悪魔攻撃力,278.6,%
オグルの巨斧,6,対悪魔攻撃力,278.6,%
オグルの巨斧,6,兵士維持効率,33.0,%
エグゼキュトゥル,1,英雄移動速度,17.7,%
エグゼキュトゥル,2,英雄移動速度,26.5,%
エグゼキュトゥル,3,英雄移動速度,35.4,%
エグゼキュトゥル,4,英雄移動速度,44.2,%
エグゼキュトゥル,5,英雄移動速度,53.1,%
エグゼキュトゥル,6,英雄移動速度,53.1,%
エグゼキュトゥル,1,対魔獣攻撃力,43.6,%
エグゼキュトゥル,2,対魔獣攻撃力,65.4,%
エグゼキュトゥル,3,対魔獣攻撃力,87.1,%
エグゼキュトゥル,4,対魔獣攻撃力,108.9,%
エグゼキュトゥル,5,対魔獣攻撃力,130.7,%
エグゼキュトゥル,6,対魔獣攻撃力,130.7,%
エグゼキュトゥル,1,対亜人攻撃力,92.9,%
エグゼキュトゥル,2,対亜人攻撃力,139.3,%
エグゼキュトゥル,3,対亜人攻撃力,185.7,%
エグゼキュトゥル,4,対亜人攻撃力,232.1,%
エグゼキュトゥル,5,対亜人攻撃力,278.6,%
エグゼキュトゥル,6,対亜人攻撃力,278.6,%
エグゼキュトゥル,6,兵士維持効率,33.0,%
キャバリエヘルム,1,騎兵タイプ訓練速度,2.0,%
キャバリエヘルム,2,騎兵タイプ訓練速度,3.0,%
キャバリエヘルム,3,騎兵タイプ訓練速度,3.9,%
キャバリエヘルム,4,騎兵タイプ訓練速度,4.9,%
キャバリエヘルム,5,騎兵タイプ訓練速度,5.9,%
アーチャーヘルム,1,弓兵タイプ訓練速度,2.0,%
アーチャーヘルム,2,弓兵タイプ訓練速度,3.0,%
アーチャーヘルム,3,弓兵タイプ訓練速度,3.9,%
アーチャーヘルム,4,弓兵タイプ訓練速度,4.9,%
アーチャーヘルム,5,弓兵タイプ訓練速度,5.9,%
ランサーヘルム,1,槍兵タイプ訓練速度,2.0,%
ランサーヘルム,2,槍兵タイプ訓練速度,3.0,%
ランサーヘルム,3,槍兵タイプ訓練速度,3.9,%
ランサーヘルム,4,槍兵タイプ訓練速度,4.9,%
ランサーヘルム,5,槍兵タイプ訓練速度,5.9,%
梟の羽帽子,1,研究速度,2.4,%
梟の羽帽子,2,研究速度,3.6,%
梟の羽帽子,3,研究速度,4.8,%
梟の羽帽子,4,研究速度,6.0,%
梟の羽帽子,5,研究速度,7.2,%
梟の羽帽子,1,採集速度,3.3,%
梟の羽帽子,2,採集速度,5.0,%
梟の羽帽子,3,採集速度,6.7,%
梟の羽帽子,4,採集速度,8.3,%
梟の羽帽子,5,採集速度,10.0,%
錬金術師のサークレット,1,オーラ最大値,12.0,%
錬金術師のサークレット,2,オーラ最大値,18.0,%
錬金術師のサークレット,3,オーラ最大値,24.0,%
錬金術師のサークレット,4,オーラ最大値,30.0,%
錬金術師のサークレット,5,オーラ最大値,36.0,%
錬金術師のサークレット,1,英雄移動速度,3.7,%
錬金術師のサークレット,2,英雄移動速度,5.5,%
錬金術師のサークレット,3,英雄移動速度,7.3,%
錬金術師のサークレット,4,英雄移動速度,9.2,%
錬金術師のサークレット,5,英雄移動速度,11.0,%
フルフェイスヘルム,1,鉱石生産,7.8,%
フルフェイスヘルム,2,鉱石生産,11.8,%
フルフェイスヘルム,3,鉱石生産,15.7,%
フルフェイスヘルム,4,鉱石生産,19.6,%
フルフェイスヘルム,5,鉱石生産,23.6,%
フルフェイスヘルム,1,騎兵タイプ防御力,12.0,%
フルフェイスヘルム,2,騎兵タイプ防御力,18.0,%
フルフェイスヘルム,3,騎兵タイプ防御力,24.0,%
フルフェイスヘルム,4,騎兵タイプ防御力,30.0,%
フルフェイスヘルム,5,騎兵タイプ防御力,36.0,%
エイミングヘルム,1,木材生産,7.8,%
エイミングヘルム,2,木材生産,11.8,%
エイミングヘルム,3,木材生産,15.7,%
エイミングヘルム,4,木材生産,19.6,%
エイミングヘルム,5,木材生産,23.6,%
エイミングヘルム,1,弓兵タイプ防御力,12.0,%
エイミングヘルム,2,弓兵タイプ防御力,18.0,%
エイミングヘルム,3,弓兵タイプ防御力,24.0,%
エイミングヘルム,4,弓兵タイプ防御力,30.0,%
エイミングヘルム,5,弓兵タイプ防御力,36.0,%
シャープヘルム,1,石材生産,7.8,%
シャープヘルム,2,石材生産,11.8,%
シャープヘルム,3,石材生産,15.7,%
シャープヘルム,4,石材生産,19.6,%
シャープヘルム,5,石材生産,23.6,%
シャープヘルム,1,槍兵タイプ防御力,12.0,%
シャープヘルム,2,槍兵タイプ防御力,18.0,%
シャープヘルム,3,槍兵タイプ防御力,24.0,%
シャープヘルム,4,槍兵タイプ防御力,30.0,%
シャープヘルム,5,槍兵タイプ防御力,36.0,%
牛王の冠,1,兵士防御力,4.8,%
牛王の冠,2,兵士防御力,7.2,%
牛王の冠,3,兵士防御力,9.6,%
牛王の冠,4,兵士防御力,12.0,%
牛王の冠,5,兵士防御力,14.5,%
牛王の冠,1,食料生産,15.0,%
牛王の冠,2,食料生産,22.5,%
牛王の冠,3,食料生産,29.9,%
牛王の冠,4,食料生産,37.4,%
牛王の冠,5,食料生産,44.9,%
牛王の冠,1,兵士維持効率,4.5,%
牛王の冠,2,兵士維持効率,6.8,%
牛王の冠,3,兵士維持効率,9.0,%
牛王の冠,4,兵士維持効率,11.2,%
牛王の冠,5,兵士維持効率,13.5,%
マジックハット,1,研究速度,3.7,%
マジックハット,2,研究速度,5.6,%
マジックハット,3,研究速度,7.5,%
マジックハット,4,研究速度,9.4,%
マジックハット,5,研究速度,11.2,%
マジックハット,1,採集速度,6.0,%
マジックハット,2,採集速度,9.0,%
マジックハット,3,採集速度,12.0,%
マジックハット,4,採集速度,15.0,%
マジックハット,5,採集速度,18.0,%
クローズヘルム,1,兵士防御力,9.3,%
クローズヘルム,2,兵士防御力,13.9,%
クローズヘルム,3,兵士防御力,18.5,%
クローズヘルム,4,兵士防御力,23.2,%
クローズヘルム,5,兵士防御力,27.8,%
クローズヘルム,1,兵士維持効率,5.6,%
クローズヘルム,2,兵士維持効率,8.3,%
クローズヘルム,3,兵士維持効率,11.1,%
クローズヘルム,4,兵士維持効率,13.9,%
クローズヘルム,5,兵士維持効率,16.7,%
クローズヘルム,1,魔石生産,12.0,%
クローズヘルム,2,魔石生産,18.0,%
クローズヘルム,3,魔石生産,24.0,%
クローズヘルム,4,魔石生産,30.0,%
クローズヘルム,5,魔石生産,36.0,%
ムーンサークレット,1,資源生産上限,9.0,%
ムーンサークレット,2,資源生産上限,13.5,%
ムーンサークレット,3,資源生産上限,18.0,%
ムーンサークレット,4,資源生産上限,22.5,%
ムーンサークレット,5,資源生産上限,27.0,%
ムーンサークレット,1,防御兵器製造速度,3.3,%
ムーンサークレット,2,防御兵器製造速度,5.0,%
ムーンサークレット,3,防御兵器製造速度,6.7,%
ムーンサークレット,4,防御兵器製造速度,8.3,%
ムーンサークレット,5,防御兵器製造速度,10.0,%
ミスリルヘルム,1,オーラ最大値,20.0,%
ミスリルヘルム,2,オーラ最大値,30.0,%
ミスリルヘルム,3,オーラ最大値,40.0,%
ミスリルヘルム,4,オーラ最大値,50.0,%
ミスリルヘルム,5,オーラ最大値,60.0,%
ミスリルヘルム,1,英雄移動速度,6.7,%
ミスリルヘルム,2,英雄移動速度,10.0,%
ミスリルヘルム,3,英雄移動速度,13.3,%
ミスリルヘルム,4,英雄移動速度,16.7,%
ミスリルヘルム,5,英雄移動速度,20.0,%
近衛騎兵の兜,1,鉱石生産,12.0,%
近衛騎兵の兜,2,鉱石生産,18.0,%
近衛騎兵の兜,3,鉱石生産,24.0,%
近衛騎兵の兜,4,鉱石生産,30.0,%
近衛騎兵の兜,5,鉱石生産,36.0,%
近衛騎兵の兜,1,騎兵タイプ防御力,18.5,%
近衛騎兵の兜,2,騎兵タイプ防御力,27.8,%
近衛騎兵の兜,3,騎兵タイプ防御力,37.0,%
近衛騎兵の兜,4,騎兵タイプ防御力,46.3,%
近衛騎兵の兜,5,騎兵タイプ防御力,55.6,%
近衛弓兵の兜,1,木材生産,12.0,%
近衛弓兵の兜,2,木材生産,18.0,%
近衛弓兵の兜,3,木材生産,24.0,%
近衛弓兵の兜,4,木材生産,30.0,%
近衛弓兵の兜,5,木材生産,36.0,%
近衛弓兵の兜,1,弓兵タイプ防御力,18.5,%
近衛弓兵の兜,2,弓兵タイプ防御力,27.8,%
近衛弓兵の兜,3,弓兵タイプ防御力,37.0,%
近衛弓兵の兜,4,弓兵タイプ防御力,46.3,%
近衛弓兵の兜,5,弓兵タイプ防御力,55.6,%
近衛槍兵の兜,1,石材生産,12.0,%
近衛槍兵の兜,2,石材生産,18.0,%
近衛槍兵の兜,3,石材生産,24.0,%
近衛槍兵の兜,4,石材生産,30.0,%
近衛槍兵の兜,5,石材生産,36.0,%
近衛槍兵の兜,1,槍兵タイプ防御力,18.5,%
近衛槍兵の兜,2,槍兵タイプ防御力,27.8,%
近衛槍兵の兜,3,槍兵タイプ防御力,37.0,%
近衛槍兵の兜,4,槍兵タイプ防御力,46.3,%
近衛槍兵の兜,5,槍兵タイプ防御力,55.6,%
蒼翼の羽兜,1,建設速度,1.7,%
蒼翼の羽兜,2,建設速度,2.5,%
蒼翼の羽兜,3,建設速度,3.3,%
蒼翼の羽兜,4,建設速度,4.2,%
蒼翼の羽兜,5,建設速度,5.0,%
蒼翼の羽兜,1,兵士維持効率,6.8,%
蒼翼の羽兜,2,兵士維持効率,10.2,%
蒼翼の羽兜,3,兵士維持効率,13.6,%
蒼翼の羽兜,4,兵士維持効率,17.0,%
蒼翼の羽兜,5,兵士維持効率,20.4,%
蒼翼の羽兜,1,兵士防御力,12.5,%
蒼翼の羽兜,2,兵士防御力,18.7,%
蒼翼の羽兜,3,兵士防御力,24.9,%
蒼翼の羽兜,4,兵士防御力,31.2,%
蒼翼の羽兜,5,兵士防御力,37.4,%
蟲惑の艶兜,1,英雄移動速度,8.3,%
蟲惑の艶兜,2,英雄移動速度,12.5,%
蟲惑の艶兜,3,英雄移動速度,16.7,%
蟲惑の艶兜,4,英雄移動速度,20.8,%
蟲惑の艶兜,5,英雄移動速度,25.0,%
蟲惑の艶兜,1,対幻獣攻撃力,13.3,%
蟲惑の艶兜,2,対幻獣攻撃力,20.0,%
蟲惑の艶兜,3,対幻獣攻撃力,26.7,%
蟲惑の艶兜,4,対幻獣攻撃力,33.3,%
蟲惑の艶兜,5,対幻獣攻撃力,40.0,%
タウロスの王冠,1,研究速度,6.0,%
タウロスの王冠,2,研究速度,9.0,%
タウロスの王冠,3,研究速度,12.0,%
タウロスの王冠,4,研究速度,15.0,%
タウロスの王冠,5,研究速度,18.0,%
タウロスの王冠,1,魔石生産,16.7,%
タウロスの王冠,2,魔石生産,25.0,%
タウロスの王冠,3,魔石生産,33.3,%
タウロスの王冠,4,魔石生産,41.7,%
タウロスの王冠,5,魔石生産,50.0,%
カフヴァール,1,兵士防御力,17.8,%
カフヴァール,2,兵士防御力,26.7,%
カフヴァール,3,兵士防御力,35.6,%
カフヴァール,4,兵士防御力,44.5,%
カフヴァール,5,兵士防御力,53.5,%
カフヴァール,6,兵士防御力,62.4,%
カフヴァール,1,砲兵タイプ訓練速度,3.7,%
カフヴァール,2,砲兵タイプ訓練速度,5.6,%
カフヴァール,3,砲兵タイプ訓練速度,7.4,%
カフヴァール,4,砲兵タイプ訓練速度,9.3,%
カフヴァール,5,砲兵タイプ訓練速度,11.1,%
カフヴァール,6,砲兵タイプ訓練速度,13.0,%
カフヴァール,1,兵士維持効率,12.3,%
カフヴァール,2,兵士維持効率,18.5,%
カフヴァール,3,兵士維持効率,24.7,%
カフヴァール,4,兵士維持効率,30.8,%
カフヴァール,5,兵士維持効率,37.0,%
カフヴァール,6,兵士維持効率,43.2,%
グリフィスの兜,1,オーラ最大値,30.2,%
グリフィスの兜,2,オーラ最大値,45.2,%
グリフィスの兜,3,オーラ最大値,60.3,%
グリフィスの兜,4,オーラ最大値,75.4,%
グリフィスの兜,5,オーラ最大値,90.5,%
グリフィスの兜,1,英雄移動速度,13.7,%
グリフィスの兜,2,英雄移動速度,20.6,%
グリフィスの兜,3,英雄移動速度,27.4,%
グリフィスの兜,4,英雄移動速度,34.3,%
グリフィスの兜,5,英雄移動速度,41.1,%
グリフィスの兜,1,対幻獣攻撃力,16.7,%
グリフィスの兜,2,対幻獣攻撃力,25.0,%
グリフィスの兜,3,対幻獣攻撃力,33.3,%
グリフィスの兜,4,対幻獣攻撃力,41.7,%
グリフィスの兜,5,対幻獣攻撃力,50.0,%
エンシェントクラウン,1,資源生産上限,12.3,%
エンシェントクラウン,2,資源生産上限,18.5,%
エンシェントクラウン,3,資源生産上限,24.7,%
エンシェントクラウン,4,資源生産上限,30.8,%
エンシェントクラウン,5,資源生産上限,37.0,%
エンシェントクラウン,1,木材生産,16.7,%
エンシェントクラウン,2,木材生産,25.0,%
エンシェントクラウン,3,木材生産,33.3,%
エンシェントクラウン,4,木材生産,41.7,%
エンシェントクラウン,5,木材生産,50.0,%
エンシェントクラウン,1,防御兵器製造速度,6.7,%
エンシェントクラウン,2,防御兵器製造速度,10.0,%
エンシェントクラウン,3,防御兵器製造速度,13.3,%
エンシェントクラウン,4,防御兵器製造速度,16.7,%
エンシェントクラウン,5,防御兵器製造速度,20.0,%
永久悪夢のフード,1,英雄移動速度,11.3,%
永久悪夢のフード,2,英雄移動速度,17.0,%
永久悪夢のフード,3,英雄移動速度,22.7,%
永久悪夢のフード,4,英雄移動速度,28.3,%
永久悪夢のフード,5,英雄移動速度,34.0,%
永久悪夢のフード,1,対無機物攻撃力,16.7,%
永久悪夢のフード,2,対無機物攻撃力,25.0,%
永久悪夢のフード,3,対無機物攻撃力,33.3,%
永久悪夢のフード,4,対無機物攻撃力,41.7,%
永久悪夢のフード,5,対無機物攻撃力,50.0,%
ナイトヘルム,1,騎兵タイプ防御力,21.0,%
ナイトヘルム,2,騎兵タイプ防御力,31.5,%
ナイトヘルム,3,騎兵タイプ防御力,42.0,%
ナイトヘルム,4,騎兵タイプ防御力,52.5,%
ナイトヘルム,5,騎兵タイプ防御力,63.0,%
ナイトヘルム,1,騎兵タイプ訓練速度,5.0,%
ナイトヘルム,2,騎兵タイプ訓練速度,7.5,%
ナイトヘルム,3,騎兵タイプ訓練速度,10.0,%
ナイトヘルム,4,騎兵タイプ訓練速度,12.5,%
ナイトヘルム,5,騎兵タイプ訓練速度,15.0,%
グレートヘルム,1,弓兵タイプ防御力,21.0,%
グレートヘルム,2,弓兵タイプ防御力,31.5,%
グレートヘルム,3,弓兵タイプ防御力,42.0,%
グレートヘルム,4,弓兵タイプ防御力,52.5,%
グレートヘルム,5,弓兵タイプ防御力,63.0,%
グレートヘルム,1,弓兵タイプ訓練速度,5.0,%
グレートヘルム,2,弓兵タイプ訓練速度,7.5,%
グレートヘルム,3,弓兵タイプ訓練速度,10.0,%
グレートヘルム,4,弓兵タイプ訓練速度,12.5,%
グレートヘルム,5,弓兵タイプ訓練速度,15.0,%
アーメットヘルム,1,槍兵タイプ防御力,21.0,%
アーメットヘルム,2,槍兵タイプ防御力,31.5,%
アーメットヘルム,3,槍兵タイプ防御力,42.0,%
アーメットヘルム,4,槍兵タイプ防御力,52.5,%
アーメットヘルム,5,槍兵タイプ防御力,63.0,%
アーメットヘルム,1,槍兵タイプ訓練速度,5.0,%
アーメットヘルム,2,槍兵タイプ訓練速度,7.5,%
アーメットヘルム,3,槍兵タイプ訓練速度,10.0,%
アーメットヘルム,4,槍兵タイプ訓練速度,12.5,%
アーメットヘルム,5,槍兵タイプ訓練速度,15.0,%
クェーサー,1,研究速度,12.5,%
クェーサー,2,研究速度,18.8,%
クェーサー,3,研究速度,25.0,%
クェーサー,4,研究速度,31.3,%
クェーサー,5,研究速度,37.5,%
クェーサー,6,研究速度,43.8,%
クェーサー,1,兵士維持効率,13.0,%
クェーサー,2,兵士維持効率,19.5,%
クェーサー,3,兵士維持効率,26.0,%
クェーサー,4,兵士維持効率,32.5,%
クェーサー,5,兵士維持効率,39.0,%
クェーサー,6,兵士維持効率,45.5,%
クェーサー,1,槍兵タイプ攻撃力,9.1,%
クェーサー,2,槍兵タイプ攻撃力,13.6,%
クェーサー,3,槍兵タイプ攻撃力,18.1,%
クェーサー,4,槍兵タイプ攻撃力,22.7,%
クェーサー,5,槍兵タイプ攻撃力,27.2,%
クェーサー,6,槍兵タイプ攻撃力,31.7,%
帝冠リリー・マター,1,建設速度,2.8,%
帝冠リリー・マター,2,建設速度,4.2,%
帝冠リリー・マター,3,建設速度,5.7,%
帝冠リリー・マター,4,建設速度,7.1,%
帝冠リリー・マター,5,建設速度,8.5,%
帝冠リリー・マター,1,装備生産速度,8.3,%
帝冠リリー・マター,2,装備生産速度,12.5,%
帝冠リリー・マター,3,装備生産速度,16.7,%
帝冠リリー・マター,4,装備生産速度,20.8,%
帝冠リリー・マター,5,装備生産速度,25.0,%
帝冠リリー・マター,1,装備生産効率,3.3,%
帝冠リリー・マター,2,装備生産効率,5.0,%
帝冠リリー・マター,3,装備生産効率,6.7,%
帝冠リリー・マター,4,装備生産効率,8.3,%
帝冠リリー・マター,5,装備生産効率,10.0,%
ポティロン・ル・シャポ,1,オーラ最大値,36.7,%
ポティロン・ル・シャポ,2,オーラ最大値,55.0,%
ポティロン・ル・シャポ,3,オーラ最大値,73.3,%
ポティロン・ル・シャポ,4,オーラ最大値,91.7,%
ポティロン・ル・シャポ,5,オーラ最大値,110.0,%
ポティロン・ル・シャポ,1,英雄移動速度,16.7,%
ポティロン・ル・シャポ,2,英雄移動速度,25.0,%
ポティロン・ル・シャポ,3,英雄移動速度,33.3,%
ポティロン・ル・シャポ,4,英雄移動速度,41.7,%
ポティロン・ル・シャポ,5,英雄移動速度,50.0,%
ポティロン・ル・シャポ,1,対竜族攻撃力,18.1,%
ポティロン・ル・シャポ,2,対竜族攻撃力,27.2,%
ポティロン・ル・シャポ,3,対竜族攻撃力,36.3,%
ポティロン・ル・シャポ,4,対竜族攻撃力,45.3,%
ポティロン・ル・シャポ,5,対竜族攻撃力,54.4,%
アルハズラット・マスク,1,オーラ最大値,36.7,%
アルハズラット・マスク,2,オーラ最大値,55.0,%
アルハズラット・マスク,3,オーラ最大値,73.3,%
アルハズラット・マスク,4,オーラ最大値,91.7,%
アルハズラット・マスク,5,オーラ最大値,110.0,%
アルハズラット・マスク,1,英雄移動速度,16.7,%
アルハズラット・マスク,2,英雄移動速度,25.0,%
アルハズラット・マスク,3,英雄移動速度,33.3,%
アルハズラット・マスク,4,英雄移動速度,41.7,%
アルハズラット・マスク,5,英雄移動速度,50.0,%
アルハズラット・マスク,1,対神族攻撃力,18.1,%
アルハズラット・マスク,2,対神族攻撃力,27.2,%
アルハズラット・マスク,3,対神族攻撃力,36.3,%
アルハズラット・マスク,4,対神族攻撃力,45.3,%
アルハズラット・マスク,5,対神族攻撃力,54.4,%
グローリアスティアラ,1,オーラ最大値,36.7,%
グローリアスティアラ,2,オーラ最大値,55.0,%
グローリアスティアラ,3,オーラ最大値,73.3,%
グローリアスティアラ,4,オーラ最大値,91.7,%
グローリアスティアラ,5,オーラ最大値,110.0,%
グローリアスティアラ,1,英雄移動速度,16.7,%
グローリアスティアラ,2,英雄移動速度,25.0,%
グローリアスティアラ,3,英雄移動速度,33.3,%
グローリアスティアラ,4,英雄移動速度,41.7,%
グローリアスティアラ,5,英雄移動速度,50.0,%
グローリアスティアラ,1,対亜人攻撃力,18.1,%
グローリアスティアラ,2,対亜人攻撃力,27.2,%
グローリアスティアラ,3,対亜人攻撃力,36.3,%
グローリアスティアラ,4,対亜人攻撃力,45.3,%
グローリアスティアラ,5,対亜人攻撃力,54.4,%
ベスティアアウリス,1,オーラ最大値,36.7,%
ベスティアアウリス,2,オーラ最大値,55.0,%
ベスティアアウリス,3,オーラ最大値,73.3,%
ベスティアアウリス,4,オーラ最大値,91.7,%
ベスティアアウリス,5,オーラ最大値,110.0,%
ベスティアアウリス,1,英雄移動速度,16.7,%
ベスティアアウリス,2,英雄移動速度,25.0,%
ベスティアアウリス,3,英雄移動速度,33.3,%
ベスティアアウリス,4,英雄移動速度,41.7,%
ベスティアアウリス,5,英雄移動速度,50.0,%
ベスティアアウリス,1,対悪魔攻撃力,18.1,%
ベスティアアウリス,2,対悪魔攻撃力,27.2,%
ベスティアアウリス,3,対悪魔攻撃力,36.3,%
ベスティアアウリス,4,対悪魔攻撃力,45.3,%
ベスティアアウリス,5,対悪魔攻撃力,54.4,%
シャペルドゥフェール,1,兵士維持効率,11.0,%
シャペルドゥフェール,2,兵士維持効率,16.5,%
シャペルドゥフェール,3,兵士維持効率,22.0,%
シャペルドゥフェール,4,兵士維持効率,27.5,%
シャペルドゥフェール,5,兵士維持効率,33.0,%
シャペルドゥフェール,1,騎兵タイプ攻撃力,5.7,%
シャペルドゥフェール,2,騎兵タイプ攻撃力,8.5,%
シャペルドゥフェール,3,騎兵タイプ攻撃力,11.3,%
シャペルドゥフェール,4,騎兵タイプ攻撃力,14.2,%
シャペルドゥフェール,5,騎兵タイプ攻撃力,17.0,%
シャペルドゥフェール,1,騎兵タイプ防御力,33.3,%
シャペルドゥフェール,2,騎兵タイプ防御力,50.0,%
シャペルドゥフェール,3,騎兵タイプ防御力,66.7,%
シャペルドゥフェール,4,騎兵タイプ防御力,83.3,%
シャペルドゥフェール,5,騎兵タイプ防御力,100.0,%
メドゥシアナ,1,兵士維持効率,11.0,%
メドゥシアナ,2,兵士維持効率,16.5,%
メドゥシアナ,3,兵士維持効率,22.0,%
メドゥシアナ,4,兵士維持効率,27.5,%
メドゥシアナ,5,兵士維持効率,33.0,%
メドゥシアナ,1,弓兵タイプ攻撃力,5.7,%
メドゥシアナ,2,弓兵タイプ攻撃力,8.5,%
メドゥシアナ,3,弓兵タイプ攻撃力,11.3,%
メドゥシアナ,4,弓兵タイプ攻撃力,14.2,%
メドゥシアナ,5,弓兵タイプ攻撃力,17.0,%
メドゥシアナ,1,弓兵タイプ防御力,33.3,%
メドゥシアナ,2,弓兵タイプ防御力,50.0,%
メドゥシアナ,3,弓兵タイプ防御力,66.7,%
メドゥシアナ,4,弓兵タイプ防御力,83.3,%
メドゥシアナ,5,弓兵タイプ防御力,100.0,%
聖天の光輪,1,オーラ最大値,67.1,%
聖天の光輪,2,オーラ最大値,100.7,%
聖天の光輪,3,オーラ最大値,134.3,%
聖天の光輪,4,オーラ最大値,167.9,%
聖天の光輪,5,オーラ最大値,201.4,%
聖天の光輪,6,オーラ最大値,235.0,%
聖天の光輪,1,英雄移動速度,28.6,%
聖天の光輪,2,英雄移動速度,42.9,%
聖天の光輪,3,英雄移動速度,57.1,%
聖天の光輪,4,英雄移動速度,71.4,%
聖天の光輪,5,英雄移動速度,85.7,%
聖天の光輪,6,英雄移動速度,100.0,%
聖天の光輪,1,対悪魔攻撃力,26.3,%
聖天の光輪,2,対悪魔攻撃力,39.4,%
聖天の光輪,3,対悪魔攻撃力,52.6,%
聖天の光輪,4,対悪魔攻撃力,65.7,%
聖天の光輪,5,対悪魔攻撃力,78.9,%
聖天の光輪,6,対悪魔攻撃力,92.0,%
炎帽アーダル,1,オーラ最大値,67.1,%
炎帽アーダル,2,オーラ最大値,100.7,%
炎帽アーダル,3,オーラ最大値,134.3,%
炎帽アーダル,4,オーラ最大値,167.9,%
炎帽アーダル,5,オーラ最大値,201.4,%
炎帽アーダル,6,オーラ最大値,235.0,%
炎帽アーダル,1,英雄移動速度,28.6,%
炎帽アーダル,2,英雄移動速度,42.9,%
炎帽アーダル,3,英雄移動速度,57.1,%
炎帽アーダル,4,英雄移動速度,71.4,%
炎帽アーダル,5,英雄移動速度,85.7,%
炎帽アーダル,6,英雄移動速度,100.0,%
炎帽アーダル,1,対亜人攻撃力,26.3,%
炎帽アーダル,2,対亜人攻撃力,39.4,%
炎帽アーダル,3,対亜人攻撃力,52.6,%
炎帽アーダル,4,対亜人攻撃力,65.7,%
炎帽アーダル,5,対亜人攻撃力,78.9,%
炎帽アーダル,6,対亜人攻撃力,92.0,%
アプサラー,1,オーラ最大値,56.0,%
アプサラー,2,オーラ最大値,83.9,%
アプサラー,3,オーラ最大値,111.9,%
アプサラー,4,オーラ最大値,139.9,%
アプサラー,5,オーラ最大値,167.9,%
アプサラー,6,オーラ最大値,195.8,%
アプサラー,1,英雄移動速度,24.3,%
アプサラー,2,英雄移動速度,36.4,%
アプサラー,3,英雄移動速度,48.5,%
アプサラー,4,英雄移動速度,60.6,%
アプサラー,5,英雄移動速度,72.7,%
アプサラー,6,英雄移動速度,84.9,%
アプサラー,1,対竜族攻撃力,21.9,%
アプサラー,2,対竜族攻撃力,32.9,%
アプサラー,3,対竜族攻撃力,43.9,%
アプサラー,4,対竜族攻撃力,54.8,%
アプサラー,5,対竜族攻撃力,65.8,%
アプサラー,6,対竜族攻撃力,76.7,%
侃侃諤諤の兜,1,建設速度,3.4,%
侃侃諤諤の兜,2,建設速度,5.1,%
侃侃諤諤の兜,3,建設速度,6.9,%
侃侃諤諤の兜,4,建設速度,8.6,%
侃侃諤諤の兜,5,建設速度,10.3,%
侃侃諤諤の兜,1,鉱石生産,33.3,%
侃侃諤諤の兜,2,鉱石生産,50.0,%
侃侃諤諤の兜,3,鉱石生産,66.7,%
侃侃諤諤の兜,4,鉱石生産,83.3,%
侃侃諤諤の兜,5,鉱石生産,100.0,%
侃侃諤諤の兜,1,砲兵タイプ訓練速度,8.3,%
侃侃諤諤の兜,2,砲兵タイプ訓練速度,12.5,%
侃侃諤諤の兜,3,砲兵タイプ訓練速度,16.7,%
侃侃諤諤の兜,4,砲兵タイプ訓練速度,20.8,%
侃侃諤諤の兜,5,砲兵タイプ訓練速度,25.0,%
デ・ナツル・レルム,1,騎兵タイプ訓練速度,8.3,%
デ・ナツル・レルム,2,騎兵タイプ訓練速度,12.5,%
デ・ナツル・レルム,3,騎兵タイプ訓練速度,16.7,%
デ・ナツル・レルム,4,騎兵タイプ訓練速度,20.8,%
デ・ナツル・レルム,5,騎兵タイプ訓練速度,25.0,%
デ・ナツル・レルム,1,兵士維持効率,12.3,%
デ・ナツル・レルム,2,兵士維持効率,18.5,%
デ・ナツル・レルム,3,兵士維持効率,24.6,%
デ・ナツル・レルム,4,兵士維持効率,30.8,%
デ・ナツル・レルム,5,兵士維持効率,36.9,%
デ・ナツル・レルム,1,騎兵タイプ防御力,37.3,%
デ・ナツル・レルム,2,騎兵タイプ防御力,56.0,%
デ・ナツル・レルム,3,騎兵タイプ防御力,74.6,%
デ・ナツル・レルム,4,騎兵タイプ防御力,93.3,%
デ・ナツル・レルム,5,騎兵タイプ防御力,111.9,%
月兎の冠,1,オーラ最大値,41.1,%
月兎の冠,2,オーラ最大値,61.6,%
月兎の冠,3,オーラ最大値,82.1,%
月兎の冠,4,オーラ最大値,102.6,%
月兎の冠,5,オーラ最大値,123.1,%
月兎の冠,1,英雄移動速度,18.7,%
月兎の冠,2,英雄移動速度,28.0,%
月兎の冠,3,英雄移動速度,37.3,%
月兎の冠,4,英雄移動速度,46.6,%
月兎の冠,5,英雄移動速度,56.0,%
月兎の冠,1,対幻獣攻撃力,21.9,%
月兎の冠,2,対幻獣攻撃力,32.9,%
月兎の冠,3,対幻獣攻撃力,43.9,%
月兎の冠,4,対幻獣攻撃力,54.8,%
月兎の冠,5,対幻獣攻撃力,65.8,%
ブリュームテンガロン,1,研究速度,10.0,%
ブリュームテンガロン,2,研究速度,15.0,%
ブリュームテンガロン,3,研究速度,20.0,%
ブリュームテンガロン,4,研究速度,25.0,%
ブリュームテンガロン,5,研究速度,30.0,%
ブリュームテンガロン,1,石材生産,24.7,%
ブリュームテンガロン,2,石材生産,37.0,%
ブリュームテンガロン,3,石材生産,49.3,%
ブリュームテンガロン,4,石材生産,61.7,%
ブリュームテンガロン,5,石材生産,74.0,%
ブリュームテンガロン,1,弓兵タイプ訓練速度,8.3,%
ブリュームテンガロン,2,弓兵タイプ訓練速度,12.5,%
ブリュームテンガロン,3,弓兵タイプ訓練速度,16.7,%
ブリュームテンガロン,4,弓兵タイプ訓練速度,20.8,%
ブリュームテンガロン,5,弓兵タイプ訓練速度,25.0,%
死火山石の帽子,1,オーラ最大値,41.1,%
死火山石の帽子,2,オーラ最大値,61.6,%
死火山石の帽子,3,オーラ最大値,82.1,%
死火山石の帽子,4,オーラ最大値,102.6,%
死火山石の帽子,5,オーラ最大値,123.1,%
死火山石の帽子,1,英雄移動速度,18.7,%
死火山石の帽子,2,英雄移動速度,28.0,%
死火山石の帽子,3,英雄移動速度,37.3,%
死火山石の帽子,4,英雄移動速度,46.6,%
死火山石の帽子,5,英雄移動速度,56.0,%
死火山石の帽子,1,対無機物攻撃力,21.9,%
死火山石の帽子,2,対無機物攻撃力,32.9,%
死火山石の帽子,3,対無機物攻撃力,43.9,%
死火山石の帽子,4,対無機物攻撃力,54.8,%
死火山石の帽子,5,対無機物攻撃力,65.8,%
ナイトロードハット,1,兵士攻撃力,5.0,%
ナイトロードハット,2,兵士攻撃力,7.5,%
ナイトロードハット,3,兵士攻撃力,10.0,%
ナイトロードハット,4,兵士攻撃力,12.5,%
ナイトロードハット,5,兵士攻撃力,15.0,%
ナイトロードハット,1,兵士防御力,20.5,%
ナイトロードハット,2,兵士防御力,30.8,%
ナイトロードハット,3,兵士防御力,41.0,%
ナイトロードハット,4,兵士防御力,51.3,%
ナイトロードハット,5,兵士防御力,61.6,%
ナイトロードハット,1,兵士維持効率,11.2,%
ナイトロードハット,2,兵士維持効率,16.8,%
ナイトロードハット,3,兵士維持効率,22.4,%
ナイトロードハット,4,兵士維持効率,28.0,%
ナイトロードハット,5,兵士維持効率,33.6,%
マリンプロテクトヘルム,1,槍兵タイプ訓練速度,8.3,%
マリンプロテクトヘルム,2,槍兵タイプ訓練速度,12.5,%
マリンプロテクトヘルム,3,槍兵タイプ訓練速度,16.7,%
マリンプロテクトヘルム,4,槍兵タイプ訓練速度,20.8,%
マリンプロテクトヘルム,5,槍兵タイプ訓練速度,25.0,%
マリンプロテクトヘルム,1,兵士維持効率,12.3,%
マリンプロテクトヘルム,2,兵士維持効率,18.5,%
マリンプロテクトヘルム,3,兵士維持効率,24.6,%
マリンプロテクトヘルム,4,兵士維持効率,30.8,%
マリンプロテクトヘルム,5,兵士維持効率,36.9,%
マリンプロテクトヘルム,1,槍兵タイプ防御力,37.3,%
マリンプロテクトヘルム,2,槍兵タイプ防御力,56.0,%
マリンプロテクトヘルム,3,槍兵タイプ防御力,74.6,%
マリンプロテクトヘルム,4,槍兵タイプ防御力,93.3,%
マリンプロテクトヘルム,5,槍兵タイプ防御力,111.9,%
盤古の龍眼,1,兵士攻撃力,13.3,%
盤古の龍眼,2,兵士攻撃力,20.0,%
盤古の龍眼,3,兵士攻撃力,26.7,%
盤古の龍眼,4,兵士攻撃力,33.3,%
盤古の龍眼,5,兵士攻撃力,40.0,%
盤古の龍眼,6,兵士攻撃力,46.7,%
盤古の龍眼,1,兵士防御力,31.3,%
盤古の龍眼,2,兵士防御力,46.9,%
盤古の龍眼,3,兵士防御力,62.5,%
盤古の龍眼,4,兵士防御力,78.1,%
盤古の龍眼,5,兵士防御力,93.8,%
盤古の龍眼,6,兵士防御力,109.4,%
盤古の龍眼,1,兵士維持効率,16.3,%
盤古の龍眼,2,兵士維持効率,24.4,%
盤古の龍眼,3,兵士維持効率,32.5,%
盤古の龍眼,4,兵士維持効率,40.6,%
盤古の龍眼,5,兵士維持効率,48.8,%
盤古の龍眼,6,兵士維持効率,56.9,%
ヘルブラムの冑,1,兵士攻撃力,6.7,%
ヘルブラムの冑,2,兵士攻撃力,10.0,%
ヘルブラムの冑,3,兵士攻撃力,13.3,%
ヘルブラムの冑,4,兵士攻撃力,16.7,%
ヘルブラムの冑,5,兵士攻撃力,20.0,%
ヘルブラムの冑,1,兵士防御力,25.0,%
ヘルブラムの冑,2,兵士防御力,37.5,%
ヘルブラムの冑,3,兵士防御力,50.0,%
ヘルブラムの冑,4,兵士防御力,62.5,%
ヘルブラムの冑,5,兵士防御力,75.0,%
ヘルブラムの冑,1,兵士維持効率,12.5,%
ヘルブラムの冑,2,兵士維持効率,18.8,%
ヘルブラムの冑,3,兵士維持効率,25.0,%
ヘルブラムの冑,4,兵士維持効率,31.3,%
ヘルブラムの冑,5,兵士維持効率,37.5,%
イーヴィルマスク,1,装備生産速度,10.4,%
イーヴィルマスク,2,装備生産速度,15.6,%
イーヴィルマスク,3,装備生産速度,20.8,%
イーヴィルマスク,4,装備生産速度,26.0,%
イーヴィルマスク,5,装備生産速度,31.3,%
イーヴィルマスク,1,装備生産効率,4.2,%
イーヴィルマスク,2,装備生産効率,6.3,%
イーヴィルマスク,3,装備生産効率,8.3,%
イーヴィルマスク,4,装備生産効率,10.4,%
イーヴィルマスク,5,装備生産効率,12.5,%
イーヴィルマスク,1,魔石生産,30.0,%
イーヴィルマスク,2,魔石生産,45.0,%
イーヴィルマスク,3,魔石生産,60.0,%
イーヴィルマスク,4,魔石生産,75.0,%
イーヴィルマスク,5,魔石生産,90.0,%
ローズフード,1,兵士維持効率,13.8,%
ローズフード,2,兵士維持効率,20.6,%
ローズフード,3,兵士維持効率,27.5,%
ローズフード,4,兵士維持効率,34.4,%
ローズフード,5,兵士維持効率,41.3,%
ローズフード,1,弓兵タイプ攻撃力,8.3,%
ローズフード,2,弓兵タイプ攻撃力,12.5,%
ローズフード,3,弓兵タイプ攻撃力,16.7,%
ローズフード,4,弓兵タイプ攻撃力,20.8,%
ローズフード,5,弓兵タイプ攻撃力,25.0,%
ローズフード,1,弓兵タイプ防御力,41.7,%
ローズフード,2,弓兵タイプ防御力,62.5,%
ローズフード,3,弓兵タイプ防御力,83.3,%
ローズフード,4,弓兵タイプ防御力,104.2,%
ローズフード,5,弓兵タイプ防御力,125.0,%
腐呪の冠,1,兵士維持効率,15.3,%
腐呪の冠,2,兵士維持効率,23.0,%
腐呪の冠,3,兵士維持効率,30.7,%
腐呪の冠,4,兵士維持効率,38.3,%
腐呪の冠,5,兵士維持効率,46.0,%
腐呪の冠,1,騎兵タイプ攻撃力,15.0,%
腐呪の冠,2,騎兵タイプ攻撃力,22.5,%
腐呪の冠,3,騎兵タイプ攻撃力,30.0,%
腐呪の冠,4,騎兵タイプ攻撃力,37.5,%
腐呪の冠,5,騎兵タイプ攻撃力,45.0,%
腐呪の冠,1,騎兵タイプ防御力,46.5,%
腐呪の冠,2,騎兵タイプ防御力,69.7,%
腐呪の冠,3,騎兵タイプ防御力,92.9,%
腐呪の冠,4,騎兵タイプ防御力,116.1,%
腐呪の冠,5,騎兵タイプ防御力,139.3,%
くさりかたびら,1,オーラ最大値,9.7,%
くさりかたびら,1,英雄移動速度,3.3,%
くさりかたびら,2,オーラ最大値,14.5,%
くさりかたびら,2,英雄移動速度,5.0,%
くさりかたびら,3,オーラ最大値,19.3,%
くさりかたびら,3,英雄移動速度,6.7,%
くさりかたびら,4,オーラ最大値,24.1,%
くさりかたびら,4,英雄移動速度,8.3,%
くさりかたびら,5,オーラ最大値,28.9,%
くさりかたびら,5,英雄移動速度,10.0,%
キャバリエブーツ,1,鉱石生産,7.8,%
キャバリエブーツ,2,鉱石生産,11.8,%
キャバリエブーツ,3,鉱石生産,15.7,%
キャバリエブーツ,4,鉱石生産,19.6,%
キャバリエブーツ,5,鉱石生産,23.6,%
竜人の腕輪,1,木材生産,9.7,%
竜人の腕輪,1,建設速度,1.7,%
竜人の腕輪,2,木材生産,14.5,%
竜人の腕輪,2,建設速度,2.5,%
竜人の腕輪,3,木材生産,19.3,%
竜人の腕輪,3,建設速度,3.3,%
竜人の腕輪,4,木材生産,24.1,%
竜人の腕輪,4,建設速度,4.2,%
竜人の腕輪,5,木材生産,28.9,%
竜人の腕輪,5,建設速度,5.0,%
